code,name,shareholding,pct,date
00001,CK HUTCHISON HOLDINGS LIMITED,91810590,2.39,2026-04-14
00002,CLP HOLDINGS LIMITED,46591678,1.83,2026-04-14
00003,"HONG KONG AND CHINA GAS COMPANY LIMITED, THE",571077332,3.05,2026-04-14
00004,"WHARF (HOLDINGS) LIMITED, THE",5006950,0.15,2026-04-14
00005,HSBC HOLDINGS PLC,1550702561,9.01,2026-04-14
00006,POWER ASSETS HOLDINGS LIMITED,215156557,10.09,2026-04-14
00008,PCCW LIMITED,254630096,3.27,2026-04-14
00010,HANG LUNG GROUP LIMITED,21729000,1.59,2026-04-14
00012,HENDERSON LAND DEVELOPMENT CO LTD,88529102,1.82,2026-04-14
00013,HUTCHMED (CHINA) LIMITED,242463683,27.79,2026-04-14
00014,HYSAN DEVELOPMENT COMPANY LIMITED,29087725,2.82,2026-04-14
00016,SUN HUNG KAI PROPERTIES LIMITED -HKD TRADED SHARES,72472843,2.5,2026-04-14
00017,NEW WORLD DEVELOPMENT CO LTD,115046269,4.57,2026-04-14
00019,SWIRE PACIFIC LTD 'A',10846000,1.39,2026-04-14
00020,SENSETIME GROUP INC. -HKD TRADED SHARES,11250727286,27.82,2026-04-14
00023,BANK OF EAST ASIA LTD,680630,0.02,2026-04-14
00027,GALAXY ENTERTAINMENT GROUP LIMITED,70499949,1.6,2026-04-14
00035,FAR EAST CONSORTIUM INTERNATIONAL LTD,426843,0.01,2026-04-14
00038,FIRST TRACTOR COMPANY LIMITED,201809366,51.48,2026-04-14
00041,GREAT EAGLE HOLDINGS LIMITED,19265162,2.56,2026-04-14
00042,NORTHEAST ELECTRIC DEVELOPMENT COMPANY LIMITED,6066000,2.35,2026-04-14
00045,"HONGKONG AND SHANGHAI HOTELS LTD,THE",17520,0.0,2026-04-14
00059,SKYFAME REALTY (HOLDINGS) LIMITED,1823710000,21.59,2026-04-14
00066,MTR CORPORATION LIMITED,137781546,2.2,2026-04-14
00069,SHANGRI-LA ASIA LIMITED,10804000,0.29,2026-04-14
00081,CHINA OVERSEAS GRAND OCEANS GROUP LIMITED,566715775,15.91,2026-04-14
00083,SINO LAND CO.LTD.,127237368,1.34,2026-04-14
00086,SUN HUNG KAI & CO.LTD,22978000,1.16,2026-04-14
00087,SWIRE PACIFIC LTD 'B',61167500,2.14,2026-04-14
00095,LVGEM (CHINA) REAL ESTATE INVESTMENT COMPANY LIMITED,587708000,9.22,2026-04-14
00101,HANG LUNG PROPERTIES LIMITED,296804888,5.86,2026-04-14
00107,SICHUAN EXPRESSWAY COMPANY LIMITED,401456207,44.83,2026-04-14
00116,CHOW SANG SANG HOLDINGS INTERNATIONAL LIMITED,7396000,1.1,2026-04-14
00119,"POLY PROPERTY GROUP CO., LIMITED",950542454,24.87,2026-04-14
00120,COSMOPOLITAN INTERNATIONAL HOLDINGS LTD,55956600,3.4,2026-04-14
00123,YUEXIU PROPERTY COMPANY LIMITED,540616797,13.42,2026-04-14
00124,GUANGDONG LAND HOLDINGS LIMITED,12457000,0.71,2026-04-14
00127,CHINESE ESTATES HOLDINGS LIMITED,899500,0.03,2026-04-14
00135,KUNLUN ENERGY COMPANY LIMITED,1195984211,13.81,2026-04-14
00136,CHINA RUYI HOLDINGS LIMITED,4195786970,24.97,2026-04-14
00142,FIRST PACIFIC CO. LTD.,121152079,2.83,2026-04-14
00144,CHINA MERCHANTS PORT HOLDINGS COMPANY LIMITED,332468580,7.9,2026-04-14
00148,KINGBOARD HOLDINGS LIMITED,70162854,6.32,2026-04-14
00151,WANT WANT CHINA HOLDINGS LIMITED,206033201,1.73,2026-04-14
00152,SHENZHEN INTERNATIONAL HOLDINGS LIMITED,496998674,20.33,2026-04-14
00163,EMPEROR INTERNATIONAL HOLDINGS LIMITED,5268000,0.09,2026-04-14
00165,CHINA EVERBRIGHT LIMITED,446468403,26.49,2026-04-14
00168,TSINGTAO BREWERY COMPANY LIMITED,312003303,47.61,2026-04-14
00173,K. WAH INTERNATIONAL HOLDINGS LIMITED,136086629,4.31,2026-04-14
00175,GEELY AUTOMOBILE HOLDINGS LIMITED -HKD TRADED SHARES,1414347573,13.03,2026-04-14
00177,JIANGSU EXPRESSWAY COMPANY LIMITED,677532576,55.43,2026-04-14
00178,SA SA INTERNATIONAL HOLDINGS LIMITED,1807183,0.05,2026-04-14
00179,JOHNSON ELECTRIC HOLDINGS LIMITED,95182753,10.18,2026-04-14
00185,ZENSUN ENTERPRISES LIMITED,19228000,0.99,2026-04-14
00187,BEIJING JINGCHENG MACHINERY ELECTRIC COMPANY LIMITED,55948000,55.94,2026-04-14
00189,DONGYUE GROUP LIMITED,574589183,33.15,2026-04-14
00200,MELCO INTERNATIONAL DEVELOPMENT LIMITED,164255800,7.21,2026-04-14
00215,HUTCHISON TELECOMMUNICATIONS HONG KONG HOLDINGS LIMITED,3694000,0.07,2026-04-14
00220,UNI-PRESIDENT CHINA HOLDINGS LTD.,485856759,11.23,2026-04-14
00241,ALIBABA HEALTH INFORMATION TECHNOLOGY LIMITED,2066410664,12.77,2026-04-14
00242,SHUN TAK HOLDINGS LIMITED,102738000,3.39,2026-04-14
00245,CHINA VERED FINANCIAL HOLDING CORPORATION LIMITED,1069500,0.05,2026-04-14
00256,CITYCHAMP WATCH & JEWELLERY GROUP LIMITED,959848000,22.04,2026-04-14
00257,CHINA EVERBRIGHT ENVIRONMENT GROUP LIMITED,1838264376,29.91,2026-04-14
00267,CITIC LIMITED,1719255005,5.9,2026-04-14
00268,KINGDEE INTERNATIONAL SOFTWARE GROUP COMPANY LIMITED,1003738058,28.27,2026-04-14
00270,GUANGDONG INVESTMENT LIMITED,493798533,7.55,2026-04-14
00272,SHUI ON LAND LIMITED,881086000,10.97,2026-04-14
00279,ARTA TECHFIN CORPORATION LIMITED,13756050,1.08,2026-04-14
00285,BYD ELECTRONIC (INTERNATIONAL) COMPANY LIMITED,278669801,12.36,2026-04-14
00288,WH GROUP LIMITED,756296903,5.89,2026-04-14
00290,GOFINTECH QUANTUM INNOVATION LIMITED,30576000,0.28,2026-04-14
00291,CHINA RESOURCES BEER (HOLDINGS) COMPANY LIMITED-HKD TRADED SHARES,247425281,7.62,2026-04-14
00293,CATHAY PACIFIC AIRWAYS LTD,103775333,1.7,2026-04-14
00295,KONG SUN HOLDINGS LIMITED,30525000,0.2,2026-04-14
00296,EMPEROR ENTERTAINMENT HOTEL LIMITED,501621,0.04,2026-04-14
00297,SINOFERT HOLDINGS LIMITED,1801194525,25.63,2026-04-14
00299,GLORY SUN LAND GROUP LIMITED,5112513,4.67,2026-04-14
00300,"MIDEA GROUP CO., LTD.",106466531,16.35,2026-04-14
00302,CMGE TECHNOLOGY GROUP LIMITED,186374200,6.21,2026-04-14
00303,VTECH HOLDINGS LIMITED,21695708,8.54,2026-04-14
00308,CHINA TRAVEL INTERNATIONAL INVESTMENT HONG KONG LIMITED,333975829,6.03,2026-04-14
00314,"SIPAI HEALTH TECHNOLOGY CO., LTD.",130456200,17.03,2026-04-14
00315,SMARTONE TELECOMMUNICATIONS HOLDINGS LIMITED,678034,0.06,2026-04-14
00316,ORIENT OVERSEAS (INTERNATIONAL) LIMITED,26652200,4.03,2026-04-14
00317,CSSC OFFSHORE & MARINE ENGINEERING (GROUP) COMPANY LIMITED,128938200,21.76,2026-04-14
00321,TEXWINCA HOLDINGS LIMITED,662000,0.04,2026-04-14
00322,TINGYI (CAYMAN ISLANDS) HOLDING CORP.,321651184,5.69,2026-04-14
00323,MAANSHAN IRON & STEEL COMPANY LIMITED,335544000,19.35,2026-04-14
00325,BLOKS GROUP LIMITED,18418801,7.38,2026-04-14
00327,PAX GLOBAL TECHNOLOGY LIMITED,51397000,4.83,2026-04-14
00330,ESPRIT HOLDINGS LIMITED,533310,0.18,2026-04-14
00336,HUABAO INTERNATIONAL HOLDINGS LIMITED,657801100,20.37,2026-04-14
00337,GREENLAND HONG KONG HOLDINGS LIMITED,59323000,2.12,2026-04-14
00338,SINOPEC SHANGHAI PETROCHEMICAL COMPANY LIMITED,1014218000,31.55,2026-04-14
00341,CAFE DE CORAL HOLDINGS LTD,25248000,4.34,2026-04-14
00345,VITASOY INTERNATIONAL HOLDINGS LTD,33952000,3.32,2026-04-14
00347,ANGANG STEEL COMPANY LIMITED,180132400,12.75,2026-04-14
00354,CHINASOFT INTERNATIONAL LIMITED,1003625921,36.72,2026-04-14
00358,JIANGXI COPPER COMPANY LIMITED,216418451,15.59,2026-04-14
00363,SHANGHAI INDUSTRIAL HOLDINGS LIMITED,79977701,7.35,2026-04-14
00371,BEIJING ENTERPRISES WATER GROUP LIMITED,1929695634,19.19,2026-04-14
00384,CHINA GAS HOLDINGS LIMITED,1107611542,20.32,2026-04-14
00386,CHINA PETROLEUM & CHEMICAL CORPORATION,7361318253,30.94,2026-04-14
00388,HONG KONG EXCHANGES AND CLEARING LIMITED -HKD TRADED SHARES,64360246,5.06,2026-04-14
00390,CHINA RAILWAY GROUP LIMITED,1379219079,32.77,2026-04-14
00392,BEIJING ENTERPRISES HOLDINGS LIMITED,267325510,21.24,2026-04-14
00400,"INGDAN, INC.",15451000,0.93,2026-04-14
00405,YUEXIU REAL ESTATE INVESTMENT TRUST,153351,0.0,2026-04-14
00410,SOHO CHINA LIMITED,708053010,13.61,2026-04-14
00412,SHANDONG HI-SPEED HOLDINGS GROUP LIMITED,809922500,13.44,2026-04-14
00419,HONY MEDIA GROUP,9834000,0.66,2026-04-14
00425,MINTH GROUP LIMITED,226026725,19.09,2026-04-14
00432,PACIFIC CENTURY PREMIUM DEVELOPMENTS LIMITED,43062,0.0,2026-04-14
00439,GENESIS SCALE HOLDINGS LIMITED,16574200,2.68,2026-04-14
00440,DAH SING FINANCIAL HOLDINGS LTD,5831600,1.81,2026-04-14
00451,GCL NEW ENERGY HOLDINGS LIMITED,18268026,1.17,2026-04-14
00460,SIHUAN PHARMACEUTICAL HOLDINGS GROUP LTD.,1346702107,14.43,2026-04-14
00467,UNITED ENERGY GROUP LIMITED,1459586000,5.59,2026-04-14
00468,GREATVIEW ASEPTIC PACKAGING COMPANY LIMITED,88000,0.0,2026-04-14
00470,"WUXI LEAD INTELLIGENT EQUIPMENT CO., LTD.",3816900,3.52,2026-04-14
00480,HKR INTERNATIONAL LTD,28800,0.0,2026-04-14
00488,LAI SUN DEVELOPMENT COMPANY LIMITED,450,0.0,2026-04-14
00493,GOME RETAIL HOLDINGS LIMITED,21646111000,29.64,2026-04-14
00496,KASEN INTERNATIONAL HOLDINGS LIMITED,41217000,2.24,2026-04-14
00501,"OMNIVISION INTEGRATED CIRCUITS GROUP, INC.",3882700,7.64,2026-04-14
00506,CHINA FOODS LIMITED,105061213,3.75,2026-04-14
00508,DINGYI GROUP INVESTMENT LIMITED,32169500,3.78,2026-04-14
00511,TELEVISION BROADCASTS LIMITED,129200,0.02,2026-04-14
00512,GRAND PHARMACEUTICAL GROUP LIMITED,644524642,18.15,2026-04-14
00517,"COSCO SHIPPING INTERNATIONAL (HONG KONG) CO., LTD.",38000,0.0,2026-04-14
00520,"XIABUXIABU CATERING MANAGEMENT (CHINA) HOLDINGS CO., LTD.",117130500,10.77,2026-04-14
00522,ASMPT LIMITED,29394953,7.02,2026-04-14
00525,GUANGSHEN RAILWAY COMPANY LIMITED,511292720,35.72,2026-04-14
00535,GEMDALE PROPERTIES AND INVESTMENT CORPORATION LIMITED,2164290000,13.02,2026-04-14
00546,FUFENG GROUP LIMITED,225997403,9.0,2026-04-14
00547,DIGITAL DOMAIN HOLDINGS LIMITED,65957000,0.82,2026-04-14
00548,SHENZHEN EXPRESSWAY CORPORATION LIMITED,377501588,50.49,2026-04-14
00551,YUE YUEN INDUSTRIAL (HOLDINGS) LIMITED,112173240,6.98,2026-04-14
00552,CHINA COMMUNICATIONS SERVICES CORPORATION LIMITED,759797134,31.76,2026-04-14
00553,NANJING PANDA ELECTRONICS COMPANY LIMITED,103136000,42.61,2026-04-14
00558,L.K. TECHNOLOGY HOLDINGS LIMITED,131925000,9.66,2026-04-14
00563,SHANGHAI INDUSTRIAL URBAN DEVELOPMENT GROUP LIMITED,58037610,1.21,2026-04-14
00564,ZCZL INDUSTRIAL TECHNOLOGY GROUP COMPANY LIMITED,104173533,42.82,2026-04-14
00568,SHANDONG MOLONG PETROLEUM MACHINERY COMPANY LIMITED,166530000,65.01,2026-04-14
00570,CHINA TRADITIONAL CHINESE MEDICINE HOLDINGS CO LIMITED,1646536270,32.69,2026-04-14
00576,"ZHEJIANG EXPRESSWAY CO., LTD.",1039163763,51.35,2026-04-14
00579,"BEIJING JINGNENG CLEAN ENERGY CO., LIMITED",132566000,4.68,2026-04-14
00581,CHINA ORIENTAL GROUP COMPANY LIMITED,369784000,9.92,2026-04-14
00582,SHIN HWA WORLD LIMITED,10872120,0.28,2026-04-14
00586,CHINA CONCH VENTURE HOLDINGS LIMITED,737924418,41.17,2026-04-14
00587,CHINA CONCH ENVIRONMENT PROTECTION HOLDINGS LIMITED,313408000,17.15,2026-04-14
00588,BEIJING NORTH STAR COMPANY LIMITED,315560000,44.63,2026-04-14
00590,LUK FOOK HOLDINGS (INTERNATIONAL) LIMITED,44829132,7.63,2026-04-14
00598,SINOTRANS LIMITED,952728789,47.24,2026-04-14
00604,SHENZHEN INVESTMENT LIMITED,328301843,3.68,2026-04-14
00607,FULLSHARE HOLDINGS LIMITED,33880100,5.31,2026-04-14
00612,CARMEN CENTURY INVESTMENT LIMITED,888000,0.05,2026-04-14
00631,SANY HEAVY EQUIPMENT INTERNATIONAL HOLDINGS COMPANY LIMITED,121253709,3.68,2026-04-14
00636,KLN LOGISTICS GROUP LIMITED,40129502,2.21,2026-04-14
00638,FIBOCOM WIRELESS INC.,23064800,17.06,2026-04-14
00639,SHOUGANG FUSHAN RESOURCES GROUP LIMITED,641418833,12.59,2026-04-14
00650,PRODUCTIVE TECHNOLOGIES COMPANY LIMITED,268780000,3.62,2026-04-14
00656,FOSUN INTERNATIONAL LIMITED,1102546918,13.47,2026-04-14
00658,"CHINA HIGH SPEED TRANSMISSION EQUIPMENT GROUP CO., LTD.",92065000,5.62,2026-04-14
00659,CTF SERVICES LIMITED,8796947,0.18,2026-04-14
00666,"REPT BATTERO ENERGY CO., LTD.",94600400,10.12,2026-04-14
00667,CHINA EAST EDUCATION HOLDINGS LIMITED,211780270,9.54,2026-04-14
00669,TECHTRONIC INDUSTRIES CO. LTD.,16673058,0.9,2026-04-14
00670,CHINA EASTERN AIRLINES CORPORATION LIMITED,735093145,14.51,2026-04-14
00683,KERRY PROPERTIES LIMITED,67634927,4.65,2026-04-14
00686,"BEIJING ENERGY INTERNATIONAL HOLDING CO., LTD",14242000,0.63,2026-04-14
00687,TYSAN HOLDINGS LIMITED,4068000,0.12,2026-04-14
00688,CHINA OVERSEAS LAND & INVESTMENT LIMITED,735315613,6.71,2026-04-14
00691,CHINA SHANSHUI CEMENT GROUP LIMITED,2927000,0.06,2026-04-14
00694,BEIJING CAPITAL INTERNATIONAL AIRPORT COMPANY LIMITED,370136000,19.68,2026-04-14
00696,TRAVELSKY TECHNOLOGY LIMITED,339171403,36.36,2026-04-14
00697,SHOUCHENG HOLDINGS LIMITED,1714530675,20.4,2026-04-14
00698,TONGDA GROUP HOLDINGS LIMITED,1012900,0.51,2026-04-14
00699,NINGBO JOYSON ELECTRONIC CORP.,40367000,26.01,2026-04-14
00700,TENCENT HOLDINGS LIMITED -HKD TRADED SHARES,1095332298,12.0,2026-04-14
00709,GIORDANO INTERNATIONAL LIMITED,238000,0.01,2026-04-14
00710,BOE VARITRONIX LIMITED,60290000,7.61,2026-04-14
00718,TAI UNITED HOLDINGS LIMITED,18090000,0.34,2026-04-14
00719,SHANDONG XINHUA PHARMACEUTICAL COMPANY LIMITED,75692100,38.8,2026-04-14
00721,CHINA FINANCIAL INTERNATIONAL INVESTMENTS LIMITED,77180000,0.7,2026-04-14
00728,CHINA TELECOM CORPORATION LIMITED,9909957273,71.4,2026-04-14
00732,TRULY INTERNATIONAL HOLDINGS LIMITED,151954000,5.11,2026-04-14
00737,SZ INVESTMENT HLDGS BAY AREA DEV CO LTD -HKD TRADED SHARES,626500,0.01,2026-04-14
00743,ASIA CEMENT (CHINA) HOLDINGS CORPORATION,56712000,3.61,2026-04-14
00751,SKYWORTH GROUP LIMITED,54683691,2.88,2026-04-14
00753,AIR CHINA LIMITED,1017105411,20.52,2026-04-14
00754,HOPSON DEVELOPMENT HOLDINGS LIMITED,235182588,6.19,2026-04-14
00762,CHINA UNICOM (HONG KONG) LIMITED,3982322336,13.01,2026-04-14
00763,ZTE CORPORATION,371094732,49.11,2026-04-14
00772,CHINA LITERATURE LIMITED,198808202,19.46,2026-04-14
00775,"CK LIFE SCIENCES INT'L., (HOLDINGS) INC.",54840200,0.56,2026-04-14
00777,NETDRAGON WEBSOFT HOLDINGS LIMITED,37329000,7.02,2026-04-14
00780,TONGCHENG TRAVEL HOLDINGS LIMITED,306411005,13.0,2026-04-14
00788,CHINA TOWER CORPORATION LIMITED,984979159,21.1,2026-04-14
00799,IGG INC,52034100,4.42,2026-04-14
00806,VALUE PARTNERS GROUP LIMITED,83590000,4.57,2026-04-14
00811,"XINHUA WINSHARE PUBLISHING AND MEDIA CO., LTD.",247510014,56.0,2026-04-14
00813,SHIMAO GROUP HOLDINGS LIMITED,74611204,0.8,2026-04-14
00816,"JINMAO PROPERTY SERVICES CO., LIMITED",3756156,0.4,2026-04-14
00817,CHINA JINMAO HOLDINGS GROUP LIMITED,2569374429,19.01,2026-04-14
00819,TIANNENG POWER INTERNATIONAL LIMITED,302170272,26.82,2026-04-14
00826,TIANGONG INTERNATIONAL COMPANY LIMITED,554082174,20.32,2026-04-14
00829,SHENGUAN HOLDINGS (GROUP) LIMITED,92884000,2.87,2026-04-14
00832,CENTRAL CHINA REAL ESTATE LIMITED,125087004,4.11,2026-04-14
00836,CHINA RESOURCES POWER HOLDINGS COMPANY LIMITED,1223025327,23.61,2026-04-14
00839,CHINA EDUCATION GROUP HOLDINGS LIMITED,365754665,13.06,2026-04-14
00845,GLORIOUS PROPERTY HOLDINGS LIMITED,14332000,0.18,2026-04-14
00846,MINGFA GROUP (INTERNATIONAL) COMPANY LIMITED,3751000,0.06,2026-04-14
00853,MICROPORT SCIENTIFIC CORPORATION,894019008,46.62,2026-04-14
00855,CHINA WATER AFFAIRS GROUP LIMITED,368166100,22.54,2026-04-14
00856,VSTECS HOLDINGS LIMITED,99404000,6.91,2026-04-14
00857,PETROCHINA COMPANY LIMITED,7515482956,35.61,2026-04-14
00860,APOLLO FUTURE MOBILITY GROUP LIMITED,703800,0.06,2026-04-14
00861,DIGITAL CHINA HOLDINGS LIMITED,707845400,42.28,2026-04-14
00867,CHINA MEDICAL SYSTEM HOLDINGS LIMITED,497985460,20.41,2026-04-14
00868,XINYI GLASS HOLDINGS LIMITED,511958136,11.56,2026-04-14
00873,SHIMAO SERVICES HOLDINGS LIMITED,326309000,13.21,2026-04-14
00874,"GUANGZHOU BAIYUNSHAN PHARMACEUTICAL HOLDINGS CO., LTD.",116623507,53.02,2026-04-14
00880,SJM HOLDINGS LIMITED,596987537,8.4,2026-04-14
00881,ZHONGSHENG GROUP HOLDINGS LIMITED,200938590,8.41,2026-04-14
00883,CNOOC LIMITED -HKD TRADED SHARES,10353999945,21.78,2026-04-14
00884,CIFI HOLDINGS (GROUP) CO. LTD.,1500046056,,2026-04-14
00895,DONGJIANG ENVIRONMENTAL COMPANY LIMITED,89324200,44.62,2026-04-14
00902,"HUANENG POWER INTERNATIONAL, INC.",2391027103,50.86,2026-04-14
00909,MING YUAN CLOUD GROUP HOLDINGS LIMITED,216534016,11.24,2026-04-14
00911,QIANHAI HEALTH HOLDINGS LIMITED,7449600,4.39,2026-04-14
00914,ANHUI CONCH CEMENT COMPANY LIMITED,208821314,16.06,2026-04-14
00916,CHINA LONGYUAN POWER GROUP CORPORATION LIMITED,1760025141,53.03,2026-04-14
00917,QUNABOX GROUP LIMITED,39336833,14.79,2026-04-14
00921,"HISENSE HOME APPLIANCES GROUP CO., LTD.",49779786,10.82,2026-04-14
00931,CHINA HK POWER SMART ENERGY GROUP LIMITED,74851000,0.99,2026-04-14
00933,VIVA GOODS COMPANY LIMITED,20096000,0.19,2026-04-14
00934,SINOPEC KANTONS HOLDINGS LIMITED,275289231,11.06,2026-04-14
00939,CHINA CONSTRUCTION BANK CORPORATION,35101133247,14.59,2026-04-14
00941,CHINA MOBILE LIMITED -HKD TRADED SHARES,2780547092,12.83,2026-04-14
00950,LEE'S PHARMACEUTICAL HOLDINGS LIMITED,244000,0.04,2026-04-14
00951,CHAOWEI POWER HOLDINGS LIMITED,91014000,8.24,2026-04-14
00956,CHINA SUNTIEN GREEN ENERGY CORPORATION LIMITED,1282894741,59.77,2026-04-14
00960,LONGFOR GROUP HOLDINGS LIMITED,818640439,11.61,2026-04-14
00966,CHINA TAIPING INSURANCE HOLDINGS COMPANY LIMITED,603451853,16.78,2026-04-14
00968,XINYI SOLAR HOLDINGS LIMITED,1406066450,15.36,2026-04-14
00975,MONGOLIAN MINING CORPORATION,105080505,10.12,2026-04-14
00976,CHIHO ENVIRONMENTAL GROUP LIMITED,43872000,2.73,2026-04-14
00978,CHINA MERCHANTS LAND LIMITED,117858000,2.4,2026-04-14
00981,SEMICONDUCTOR MANUFACTURING INTERNATIONAL CORPORATION,2244485691,28.0,2026-04-14
00989,CHINA CHANGBAISHAN INTERNATIONAL HOLDINGS LIMITED,3802000,1.05,2026-04-14
00990,DEEP SOURCE HOLDINGS LIMITED,1531950000,10.34,2026-04-14
00991,"DATANG INTERNATIONAL POWER GENERATION CO.,LTD.",893779273,14.61,2026-04-14
00992,LENOVO GROUP LIMITED -HKD TRADED SHARES,1173404875,9.45,2026-04-14
00995,ANHUI EXPRESSWAY COMPANY LIMITED,229221545,42.2,2026-04-14
00998,CHINA CITIC BANK CORPORATION LIMITED,4275681544,28.72,2026-04-14
00999,XIAOCAIYUAN INTERNATIONAL HOLDING LTD.,66318511,5.63,2026-04-14
01024,KUAISHOU TECHNOLOGY -HKD TRADED SHARES,796927235,18.3,2026-04-14
01028,C.BANNER INTERNATIONAL HOLDINGS LIMITED,2173000,0.08,2026-04-14
01030,SEAZEN GROUP LIMITED,1580767676,21.76,2026-04-14
01033,SINOPEC OILFIELD SERVICE CORPORATION,1251580000,23.12,2026-04-14
01038,CK INFRASTRUCTURE HOLDINGS LIMITED,167165065,6.62,2026-04-14
01044,HENGAN INTERNATIONAL GROUP COMPANY LIMITED,86948000,7.47,2026-04-14
01052,YUEXIU TRANSPORT INFRASTRUCTURE LIMITED,376846000,22.52,2026-04-14
01053,CHONGQING IRON & STEEL COMPANY LIMITED,150950000,28.04,2026-04-14
01055,CHINA SOUTHERN AIRLINES COMPANY LIMITED,884275907,19.03,2026-04-14
01057,ZHEJIANG SHIBAO COMPANY LIMITED,120757600,55.69,2026-04-14
01060,DAMAI ENTERTAINMENT HOLDINGS LIMITED,7088345441,23.63,2026-04-14
01065,TIANJIN CAPITAL ENVIRONMENTAL PROTECTION GROUP COMPANY LIMITED,230116100,67.68,2026-04-14
01066,SHANDONG WEIGAO GROUP MEDICAL POLYMER COMPANY LIMITED,452957289,10.01,2026-04-14
01068,CHINA YURUN FOOD GROUP LIMITED,13696000,0.75,2026-04-14
01070,TCL ELECTRONICS HOLDINGS LIMITED,358774615,14.22,2026-04-14
01071,HUADIAN POWER INTERNATIONAL CORPORATION LIMITED,965861036,56.23,2026-04-14
01072,DONGFANG ELECTRIC CORPORATION LIMITED,96771321,23.71,2026-04-14
01083,TOWNGAS SMART ENERGY COMPANY LIMITED,524841247,14.29,2026-04-14
01086,GOODBABY INTERNATIONAL HOLDINGS LIMITED,12297000,0.73,2026-04-14
01088,CHINA SHENHUA ENERGY COMPANY LIMITED,2237432118,66.23,2026-04-14
01093,CSPC PHARMACEUTICAL GROUP LIMITED,3294179492,28.58,2026-04-14
01097,I-CABLE COMMUNICATIONS LIMITED,58730,0.0,2026-04-14
01098,ROAD KING INFRASTRUCTURE LIMITED,3272000,0.43,2026-04-14
01099,SINOPHARM GROUP CO. LTD.,381330410,28.41,2026-04-14
01108,TRIUMPH NEW ENERGY COMPANY LIMITED,172742000,69.09,2026-04-14
01109,CHINA RESOURCES LAND LIMITED,893350619,12.52,2026-04-14
01112,HEALTH AND HAPPINESS (H&H) INTERNATIONAL HOLDINGS LIMITED,86711180,13.42,2026-04-14
01113,CK ASSET HOLDINGS LIMITED,60164079,1.71,2026-04-14
01114,BRILLIANCE CHINA AUTOMOTIVE HOLDINGS LIMITED,1172786413,23.23,2026-04-14
01115,5100 XIZANG GLACIER COMPANY LIMITED,66041665,1.17,2026-04-14
01117,CHINA MODERN DAIRY HOLDINGS LTD.,1437866000,18.16,2026-04-14
01119,IDREAMSKY TECHNOLOGY HOLDINGS LIMITED,245616100,11.89,2026-04-14
01121,GOLDEN SOLAR NEW ENERGY TECHNOLOGY HOLDINGS LIMITED,30046000,1.55,2026-04-14
01128,"WYNN MACAU, LIMITED",128635417,2.43,2026-04-14
01137,HONG KONG TECHNOLOGY VENTURE COMPANY LIMITED,2463234,0.3,2026-04-14
01138,"COSCO SHIPPING ENERGY TRANSPORTATION CO., LTD.",719651265,55.52,2026-04-14
01140,HK.AI CAPITAL LIMITED,62136000,0.53,2026-04-14
01141,CMBC CAPITAL HOLDINGS LIMITED,58008500,5.28,2026-04-14
01157,"ZOOMLION HEAVY INDUSTRY SCIENCE AND TECHNOLOGY CO., LTD.",534505015,34.41,2026-04-14
01164,CGN MINING COMPANY LIMITED,1083968574,14.25,2026-04-14
01165,SHUNFENG INTERNATIONAL CLEAN ENERGY LIMITED,275810000,5.42,2026-04-14
01167,"JACOBIO PHARMACEUTICALS GROUP CO., LTD.",35711700,4.5,2026-04-14
01171,YANKUANG ENERGY GROUP COMPANY LIMITED,1806919335,44.33,2026-04-14
01176,ZHUGUANG HOLDINGS GROUP COMPANY LIMITED,1083156000,12.22,2026-04-14
01177,SINO BIOPHARMACEUTICAL LIMITED,2793330991,14.88,2026-04-14
01186,CHINA RAILWAY CONSTRUCTION CORPORATION LIMITED,1129162267,54.38,2026-04-14
01188,HYBRID KINETIC GROUP LIMITED,92582000,0.45,2026-04-14
01193,CHINA RESOURCES GAS GROUP LIMITED,492686995,21.28,2026-04-14
01196,REALORD GROUP HOLDINGS LIMITED,182190000,12.62,2026-04-14
01199,COSCO SHIPPING PORTS LIMITED,352079501,8.88,2026-04-14
01205,CITIC RESOURCES HOLDINGS LIMITED,66568100,0.84,2026-04-14
01208,MMG LIMITED,976187938,8.03,2026-04-14
01209,CHINA RESOURCES MIXC LIFESTYLE SERVICES LIMITED,214993924,9.4,2026-04-14
01211,BYD COMPANY LIMITED -HKD TRADED SHARES,394156453,10.69,2026-04-14
01233,TIMES CHINA HOLDINGS LIMITED,116650791,3.98,2026-04-14
01234,CHINA LILANG LIMITED,105350000,8.78,2026-04-14
01238,POWERLONG REAL ESTATE HOLDINGS LIMITED,405829000,9.79,2026-04-14
01244,3D MEDICINES INC.,17241000,6.67,2026-04-14
01250,SHANDONG HI-SPEED NEW ENERGY GROUP LIMITED,13376600,0.59,2026-04-14
01253,CHINA GREEN BROAD ECOLOGICAL TECHNOLOGY COMPANY LIMITED,368400,0.06,2026-04-14
01257,CHINA EVERBRIGHT GREENTECH LIMITED,237014100,11.47,2026-04-14
01258,CHINA NONFERROUS MINING CORPORATION LIMITED,418444041,10.72,2026-04-14
01268,CHINA MEIDONG AUTO HOLDINGS LIMITED,35576000,2.63,2026-04-14
01269,CHINA FIRST CAPITAL GROUP LIMITED,239030600,12.93,2026-04-14
01270,LANGHAM HOSPITALITY INVESTMENTS AND LANGHAM HOSPITALITY INVESTMENTS LIMITED,771214,0.01,2026-04-14
01274,"IMOTION AUTOMOTIVE TECHNOLOGY (SUZHOU) CO., LTD.",43199700,16.77,2026-04-14
01276,"JIANGSU HENGRUI PHARMACEUTICALS CO., LTD.",64727096,25.06,2026-04-14
01277,KINETIC DEVELOPMENT GROUP LIMITED,397438513,4.71,2026-04-14
01282,RENZE HARVEST INTERNATIONAL LIMITED,398779400,7.96,2026-04-14
01286,IMPRO PRECISION INDUSTRIES LIMITED,200000,0.01,2026-04-14
01288,AGRICULTURAL BANK OF CHINA LIMITED,14945302138,48.61,2026-04-14
01293,GRAND BAOXIN AUTO GROUP LIMITED,14748508,0.51,2026-04-14
01299,AIA GROUP LIMITED -HKD TRADED SHARES,312535418,2.97,2026-04-14
01302,LIFETECH SCIENTIFIC CORPORATION,1699188424,36.67,2026-04-14
01304,"FORTIOR TECHNOLOGY (SHENZHEN) CO., LTD.",5372630,24.92,2026-04-14
01308,SITC INTERNATIONAL HOLDINGS COMPANY LIMITED,146337258,5.41,2026-04-14
01310,HKBN LTD.,49539500,3.34,2026-04-14
01313,CHINA RESOURCES BUILDING MATERIALS TECHNOLOGY HOLDINGS LIMITED,401416000,5.73,2026-04-14
01315,GREEN ECONOMY DEVELOPMENT LIMITED,19962545,3.2,2026-04-14
01316,NEXTEER AUTOMOTIVE GROUP LIMITED,354497216,14.11,2026-04-14
01317,CHINA MAPLE LEAF EDUCATIONAL SYSTEMS LIMITED,606618200,20.98,2026-04-14
01318,"MAO GEPING COSMETICS CO., LTD.",64857762,13.22,2026-04-14
01330,"DYNAGREEN ENVIRONMENTAL PROTECTION GROUP CO., LTD",279845020,69.19,2026-04-14
01333,"BRETON TECHNOLOGY CO., LTD.",11664800,4.64,2026-04-14
01336,NEW CHINA LIFE INSURANCE COMPANY LTD.,517436500,50.03,2026-04-14
01339,"PEOPLE'S INSURANCE COMPANY (GROUP) OF CHINA LIMITED, THE",2390967548,27.39,2026-04-14
01341,HAO TIAN INTERNATIONAL CONSTRUCTION INVESTMENT GROUP LIMITED,7203232000,64.91,2026-04-14
01347,HUA HONG SEMICONDUCTOR LIMITED,361893162,20.81,2026-04-14
01349,"SHANGHAI FUDAN-ZHANGJIANG BIO-PHARMACEUTICAL CO., LTD.",136731100,41.94,2026-04-14
01357,"MEITU, INC.",1384956044,30.19,2026-04-14
01359,"CHINA CINDA ASSET MANAGEMENT CO., LTD.",5747536500,42.35,2026-04-14
01361,361 DEGREES INTERNATIONAL LIMITED,248059000,11.98,2026-04-14
01364,GUMING HOLDINGS LIMITED,140689584,5.91,2026-04-14
01368,XTEP INTERNATIONAL HOLDINGS LIMITED,452137170,16.11,2026-04-14
01375,"CENTRAL CHINA SECURITIES CO., LTD.",711462000,59.51,2026-04-14
01378,CHINA HONGQIAO GROUP LIMITED,1079640042,10.87,2026-04-14
01382,PACIFIC TEXTILES HOLDINGS LIMITED,22079000,1.59,2026-04-14
01384,"DEEPEXI TECHNOLOGY CO., LTD.",14604600,4.46,2026-04-14
01385,SHANGHAI FUDAN MICROELECTRONICS GROUP COMPANY LIMITED,90990302,31.99,2026-04-14
01398,INDUSTRIAL AND COMMERCIAL BANK OF CHINA LIMITED,36528761532,42.07,2026-04-14
01405,DPC DASH LTD,14138632,10.74,2026-04-14
01415,COWELL E HOLDINGS INC.,133447587,15.36,2026-04-14
01428,BRIGHT SMART SECURITIES & COMMODITIES GROUP LIMITED,179936000,10.59,2026-04-14
01432,CHINA SHENGMU ORGANIC MILK LIMITED,55945000,0.66,2026-04-14
01448,FU SHOU YUAN INTERNATIONAL GROUP LIMITED,597208000,25.73,2026-04-14
01456,GUOLIAN MINSHENG SECURITIES COMPANY LIMITED,258070000,58.29,2026-04-14
01458,ZHOU HEI YA INTERNATIONAL HOLDINGS COMPANY LIMITED,161726500,7.64,2026-04-14
01468,JAKOTA CAPITAL (HOLDING) GROUP,887341863,51.08,2026-04-14
01475,NISSIN FOODS COMPANY LIMITED,234100,0.02,2026-04-14
01477,OCUMENSION THERAPEUTICS,60175000,7.18,2026-04-14
01478,Q TECHNOLOGY (GROUP) COMPANY LIMITED,86669278,7.25,2026-04-14
01508,CHINA REINSURANCE (GROUP) CORPORATION,546733000,8.18,2026-04-14
01513,LIVZON PHARMACEUTICAL GROUP INC.,64530225,21.52,2026-04-14
01515,CHINA RESOURCES MEDICAL HOLDINGS COMPANY LIMITED,335949100,25.9,2026-04-14
01516,SUNAC SERVICES HOLDINGS LIMITED,701583092,23.0,2026-04-14
01519,J&T GLOBAL EXPRESS LIMITED,756673488,8.49,2026-04-14
01521,FRONTAGE HOLDINGS CORPORATION,389824000,19.12,2026-04-14
01528,RED STAR MACALLINE GROUP CORPORATION LTD.,419208254,56.54,2026-04-14
01530,3SBIO INC.,1068469130,42.09,2026-04-14
01541,IMMUNEONCO BIOPHARMACEUTICALS (SHANGHAI) INC.,25937600,6.16,2026-04-14
01548,GENSCRIPT BIOTECH CORPORATION,584459676,26.7,2026-04-14
01551,"GUANGZHOU RURAL COMMERCIAL BANK CO., LTD",2414000,0.09,2026-04-14
01563,ALLIANCE INTERNATIONAL EDUCATION LEASING HOLDINGS LIMITED,289062000,17.08,2026-04-14
01569,MINSHENG EDUCATION GROUP COMPANY LIMITED,62660000,1.48,2026-04-14
01578,"BANK OF TIANJIN CO., LTD.",28500,0.0,2026-04-14
01579,YIHAI INTERNATIONAL HOLDING LTD.,217521497,20.97,2026-04-14
01583,QINQIN FOODSTUFFS GROUP (CAYMAN) COMPANY LIMITED,7100,0.0,2026-04-14
01585,YADEA GROUP HOLDINGS LTD.,189775049,6.09,2026-04-14
01600,TIAN LUN GAS HOLDINGS LIMITED,4700500,0.48,2026-04-14
01606,"CHINA DEVELOPMENT BANK FINANCIAL LEASING CO., LTD.",40000,0.0,2026-04-14
01608,VPOWER GROUP INTERNATIONAL HOLDINGS LIMITED,9389676,0.14,2026-04-14
01610,COFCO JOYCOME FOODS LIMITED,1708175009,37.27,2026-04-14
01618,METALLURGICAL CORPORATION OF CHINA LTD.,1018390000,35.46,2026-04-14
01622,REDCO PROPERTIES GROUP LIMITED,198138000,5.57,2026-04-14
01628,YUZHOU GROUP HOLDINGS COMPANY LIMITED,26817639,1.8,2026-04-14
01635,"SHANGHAI DAZHONG PUBLIC UTILITIES (GROUP) CO., LTD.",389564000,72.99,2026-04-14
01636,CHINA METAL RESOURCES UTILIZATION LIMITED,3400800,0.75,2026-04-14
01638,KAISA GROUP HOLDINGS LTD.,848589272,8.82,2026-04-14
01658,"POSTAL SAVINGS BANK OF CHINA CO., LTD.",6090328730,30.67,2026-04-14
01661,CHINA FRONTIER TECHNOLOGY GROUP,162100,0.08,2026-04-14
01666,TONG REN TANG TECHNOLOGIES CO LTD,48953000,7.78,2026-04-14
01668,CHINA SOUTH CITY HOLDINGS LIMITED,1218345544,10.64,2026-04-14
01675,ASIAINFO TECHNOLOGIES LIMITED,116879600,12.42,2026-04-14
01680,MACAU LEGEND DEVELOPMENT LIMITED,4456450,0.47,2026-04-14
01681,CONSUN PHARMACEUTICAL GROUP LIMITED,20284000,2.4,2026-04-14
01685,BOER POWER HOLDINGS LIMITED,661000,0.08,2026-04-14
01686,SUNEVISION HOLDINGS LIMITED,125725794,5.32,2026-04-14
01691,JS GLOBAL LIFESTYLE COMPANY LIMITED,181198000,5.2,2026-04-14
01709,DL HOLDINGS GROUP LIMITED,554460100,26.78,2026-04-14
01717,AUSNUTRIA DAIRY CORPORATION LTD,11836000,0.66,2026-04-14
01725,CHINA STRATEGIC TECHNOLOGY GROUP LIMITED,50257200,6.13,2026-04-14
01728,CHINA ZHENGTONG AUTO SERVICES HOLDINGS LIMITED,93466800,0.92,2026-04-14
01729,TIME INTERCONNECT TECHNOLOGY LIMITED,188088322,8.98,2026-04-14
01735,CENTRAL NEW ENERGY HOLDING GROUP LIMITED,177900401,4.2,2026-04-14
01755,"S-ENJOY SERVICE GROUP CO., LIMITED",52595000,6.03,2026-04-14
01765,"XJ INTERNATIONAL HOLDINGS CO., LTD.",2409686170,27.77,2026-04-14
01766,CRRC CORPORATION LIMITED,1568697549,35.88,2026-04-14
01769,SCHOLAR EDUCATION GROUP,6867000,1.01,2026-04-14
01772,"GANFENG LITHIUM GROUP CO., LTD.",133543911,27.64,2026-04-14
01773,TIANLI INTERNATIONAL HOLDINGS LIMITED,457937815,21.7,2026-04-14
01776,"GF SECURITIES CO., LTD.",1047772085,54.54,2026-04-14
01777,"FANTASIA HOLDINGS GROUP CO., LIMITED",178645500,3.09,2026-04-14
01778,"COLOUR LIFE SERVICES GROUP CO., LIMITED",46130117,2.48,2026-04-14
01783,ENVISION GREENWISE HOLDINGS LIMITED,92613000,3.19,2026-04-14
01787,"SHANDONG GOLD MINING CO., LTD.",535809742,53.81,2026-04-14
01788,GUOTAI JUNAN INTERNATIONAL HOLDINGS LIMITED,1725745110,18.1,2026-04-14
01789,AK MEDICAL HOLDINGS LIMITED,286268664,,2026-04-14
01797,EAST BUY HOLDING LIMITED,294087619,27.75,2026-04-14
01798,"CHINA DATANG CORPORATION RENEWABLE POWER CO., LIMITED",1169323200,46.74,2026-04-14
01799,"XINTE ENERGY CO., LTD.",141477200,37.6,2026-04-14
01800,CHINA COMMUNICATIONS CONSTRUCTION COMPANY LIMITED,2051732579,46.43,2026-04-14
01801,"INNOVENT BIOLOGICS, INC.",531347580,30.61,2026-04-14
01810,XIAOMI CORPORATION -HKD TRADED SHARES,5346319768,20.6,2026-04-14
01811,"CGN NEW ENERGY HOLDINGS CO., LTD.",680323541,15.85,2026-04-14
01812,SHANDONG CHENMING PAPER HOLDINGS LIMITED,200032950,37.85,2026-04-14
01813,KWG GROUP HOLDINGS LIMITED,222536771,6.5,2026-04-14
01816,"CGN POWER CO., LTD",5832585138,52.23,2026-04-14
01817,MULSANNE GROUP HOLDING LIMITED,616000,0.06,2026-04-14
01818,ZHAOJIN MINING INDUSTRY COMPANY LIMITED,744297420,25.82,2026-04-14
01828,FWD GROUP HOLDINGS LIMITED,2190300,0.16,2026-04-14
01833,PING AN HEALTHCARE AND TECHNOLOGY COMPANY LIMITED,476694041,22.04,2026-04-14
01836,STELLA INTERNATIONAL HOLDINGS LIMITED,49453000,5.87,2026-04-14
01848,CHINA AIRCRAFT LEASING GROUP HOLDINGS LIMITED,3148223,0.42,2026-04-14
01855,ZONQING ENVIRONMENTAL LIMITED,95152000,11.53,2026-04-14
01858,"BEIJING CHUNLIZHENGDA MEDICAL INSTRUMENTS CO., LTD.",39718718,41.74,2026-04-14
01860,MOBVISTA INC.,479693581,30.46,2026-04-14
01873,VIVA BIOTECH HOLDINGS,181370500,8.51,2026-04-14
01876,BUDWEISER BREWING COMPANY APAC LIMITED,187832096,1.41,2026-04-14
01877,"SHANGHAI JUNSHI BIOSCIENCES CO., LTD.",144000422,55.31,2026-04-14
01880,CHINA TOURISM GROUP DUTY FREE CORPORATION LIMITED,42282093,33.73,2026-04-14
01882,HAITIAN INTERNATIONAL HOLDINGS LIMITED,102041000,6.38,2026-04-14
01883,CITIC TELECOM INTERNATIONAL HOLDINGS LIMITED,208196000,5.61,2026-04-14
01888,KINGBOARD LAMINATES HOLDINGS LIMITED,221430703,7.05,2026-04-14
01890,CHINA KEPEI EDUCATION GROUP LIMITED,97998200,4.86,2026-04-14
01896,MAOYAN ENTERTAINMENT,205623077,17.68,2026-04-14
01898,CHINA COAL ENERGY COMPANY LIMITED,1593986704,38.8,2026-04-14
01905,"HAITONG UNITRUST INTERNATIONAL FINANCIAL LEASING CO., LTD.",148000,0.0,2026-04-14
01907,CHINA RISUN GROUP LIMITED,491054334,11.02,2026-04-14
01908,C&D INTERNATIONAL INVESTMENT GROUP LIMITED,321923195,14.36,2026-04-14
01909,FIRE ROCK HOLDINGS LIMITED,4076055,1.67,2026-04-14
01910,SAMSONITE GROUP S.A.,37158000,2.53,2026-04-14
01911,CHINA RENAISSANCE HOLDINGS LIMITED,29117400,5.07,2026-04-14
01916,"JIANGXI BANK CO., LTD.",10565500,0.78,2026-04-14
01918,SUNAC CHINA HOLDINGS LIMITED,5610861003,33.68,2026-04-14
01919,"COSCO SHIPPING HOLDINGS CO., LTD.",885857581,32.13,2026-04-14
01921,DALIPAL HOLDINGS LIMITED,25554000,1.68,2026-04-14
01928,SANDS CHINA LTD.,104410140,1.28,2026-04-14
01929,CHOW TAI FOOK JEWELLERY GROUP LIMITED,90299134,0.91,2026-04-14
01942,MOG DIGITECH HOLDINGS LIMITED,494110000,36.0,2026-04-14
01951,JINXIN FERTILITY GROUP LIMITED,1428515340,52.8,2026-04-14
01952,EVEREST MEDICINES LIMITED,197433409,55.82,2026-04-14
01958,BAIC MOTOR CORPORATION LIMITED,703780500,27.91,2026-04-14
01963,"BANK OF CHONGQING CO., LTD.",130447512,8.25,2026-04-14
01966,CHINA SCE GROUP HOLDINGS LIMITED,249615979,5.9,2026-04-14
01969,"CHINA CHUNLAI EDUCATION GROUP CO., LTD.",38093000,3.17,2026-04-14
01970,"IMAX CHINA HOLDING, INC.",646700,0.18,2026-04-14
01972,SWIRE PROPERTIES LIMITED,119515338,2.06,2026-04-14
01980,TIAN GE INTERACTIVE HOLDINGS LIMITED,13126000,1.18,2026-04-14
01981,CATHAY GROUP HOLDINGS INC.,8304100,0.5,2026-04-14
01988,"CHINA MINSHENG BANKING CORP., LTD.",2437732645,29.29,2026-04-14
01989,DELTON TECHNOLOGY (GUANGZHOU) INC.,5592100,12.15,2026-04-14
01995,EVER SUNSHINE SERVICES GROUP LIMITED,76642000,4.44,2026-04-14
01996,REDSUN PROPERTIES GROUP LIMITED,223461000,6.68,2026-04-14
01997,WHARF REAL ESTATE INVESTMENT COMPANY LIMITED,32909218,1.08,2026-04-14
01999,MAN WAH HOLDINGS LIMITED,616097241,15.88,2026-04-14
02001,CHINA NEW HIGHER EDUCATION GROUP LIMITED,79775980,4.04,2026-04-14
02003,VCREDIT HOLDINGS LIMITED,4600,0.0,2026-04-14
02005,SSY GROUP LIMITED,555806000,18.82,2026-04-14
02007,COUNTRY GARDEN HOLDINGS COMPANY LIMITED,7610309942,17.75,2026-04-14
02008,PHOENIX MEDIA INVESTMENT (HOLDINGS) LIMITED,11551100,2.31,2026-04-14
02009,BBMG CORPORATION,880494000,37.64,2026-04-14
02013,WEIMOB INC.,1076461000,26.04,2026-04-14
02015,LI AUTO INC.,517045443,23.88,2026-04-14
02016,"CHINA ZHESHANG BANK CO., LTD.",1799686828,30.39,2026-04-14
02018,AAC TECHNOLOGIES HOLDINGS INC.,117984743,9.84,2026-04-14
02020,ANTA SPORTS PRODUCTS LIMITED -HKD TRADED SHARES,228603524,8.16,2026-04-14
02038,FIH MOBILE LIMITED,56302020,7.13,2026-04-14
02039,"CHINA INTERNATIONAL MARINE CONTAINERS (GROUP) CO., LTD.",415153280,13.43,2026-04-14
02048,E-HOUSE (CHINA) ENTERPRISE HOLDINGS LIMITED,198071100,11.32,2026-04-14
02050,"ZHEJIANG SANHUA INTELLIGENT CONTROLS CO., LTD.",167272600,35.09,2026-04-14
02051,VALA INC.,11468500,0.7,2026-04-14
02057,ZTO EXPRESS (CAYMAN) INC.,91256344,11.84,2026-04-14
02068,CHINA ALUMINUM INTERNATIONAL ENGINEERING CORPORATION LIMITED,73255000,18.33,2026-04-14
02096,SIMCERE PHARMACEUTICAL GROUP LIMITED,338065295,13.01,2026-04-14
02097,MIXUE GROUP,9343626,6.19,2026-04-14
02098,ZALL SMART COMMERCE GROUP LTD.,12270000,0.09,2026-04-14
02099,CHINA GOLD INTERNATIONAL RESOURCES CORP. LTD.,93450076,23.57,2026-04-14
02105,"LAEKNA, INC.",32063551,7.17,2026-04-14
02111,BEST PACIFIC INTERNATIONAL HOLDINGS LIMITED,468000,0.04,2026-04-14
02121,"AINNOVATION TECHNOLOGY GROUP CO., LTD",64881700,11.5,2026-04-14
02126,JW (CAYMAN) THERAPEUTICS CO. LTD,35476000,8.51,2026-04-14
02128,CHINA LESSO GROUP HOLDINGS LIMITED,295053351,9.5,2026-04-14
02136,LIFESTYLE CHINA GROUP LIMITED,10000,0.0,2026-04-14
02137,BRII BIOSCIENCES LIMITED,144265500,19.63,2026-04-14
02138,EC HEALTHCARE,18372000,1.54,2026-04-14
02142,HBM HOLDINGS LIMITED,20714000,2.31,2026-04-14
02145,"SHANGHAI CHICMAX COSMETIC CO., LTD.",48763857,23.62,2026-04-14
02150,NAYUKI HOLDINGS LIMITED,141374000,8.26,2026-04-14
02155,MORIMATSU INTERNATIONAL HOLDINGS COMPANY LIMITED,202669134,16.26,2026-04-14
02156,"C&D PROPERTY MANAGEMENT GROUP CO., LTD",2888526,0.2,2026-04-14
02157,"LEPU BIOPHARMA CO., LTD.",508523345,28.18,2026-04-14
02158,YIDU TECH INC.,249016848,23.21,2026-04-14
02160,MICROPORT CARDIOFLOW MEDTECH CORPORATION,20767800,1.62,2026-04-14
02162,KEYMED BIOSCIENCES INC.,114716541,38.39,2026-04-14
02169,CANGGANG RAILWAY LIMITED,1634722000,40.86,2026-04-14
02171,CARSGEN THERAPEUTICS HOLDINGS LIMITED,132561438,22.92,2026-04-14
02172,MICROPORT NEUROSCIENTIFIC CORPORATION,95996599,16.4,2026-04-14
02186,LUYE PHARMA GROUP LTD.,1272334251,31.85,2026-04-14
02192,"MEDLIVE TECHNOLOGY CO., LTD.",80254868,10.84,2026-04-14
02196,"SHANGHAI FOSUN PHARMACEUTICAL (GROUP) CO., LTD.",314056464,56.89,2026-04-14
02197,"CLOVER BIOPHARMACEUTICALS, LTD.",88397500,6.8,2026-04-14
02199,REGINA MIRACLE INTERNATIONAL (HOLDINGS) LIMITED,1024000,0.08,2026-04-14
02202,"CHINA VANKE CO., LTD.",1327971731,60.18,2026-04-14
02208,"GOLDWIND SCIENCE&TECHNOLOGY CO., LTD.",335743432,43.39,2026-04-14
02218,"YANTAI NORTH ANDRE JUICE CO., LTD.",15927520,25.02,2026-04-14
02228,XTALPI HOLDINGS LIMITED,1935953585,44.97,2026-04-14
02232,CRYSTAL INTERNATIONAL GROUP LIMITED,118508136,4.14,2026-04-14
02233,WEST CHINA CEMENT LIMITED,2113000000,38.67,2026-04-14
02238,"GUANGZHOU AUTOMOBILE GROUP CO., LTD.",1774760945,63.07,2026-04-14
02246,GOGOX HOLDINGS LIMITED,779780,1.18,2026-04-14
02252,"SHANGHAI MICROPORT MEDBOT (GROUP) CO., LTD.",115906771,11.3,2026-04-14
02255,HAICHANG OCEAN PARK HOLDINGS LTD.,1549856000,11.72,2026-04-14
02257,SIRNAOMICS LTD.,2950650,2.68,2026-04-14
02259,ZIJIN GOLD INTERNATIONAL COMPANY LIMITED,61508046,2.29,2026-04-14
02268,WUXI XDC CAYMAN INC.,160339532,12.71,2026-04-14
02269,WUXI BIOLOGICS (CAYMAN) INC.,1036720266,25.04,2026-04-14
02273,GUSHENGTANG HOLDINGS LIMITED,98094796,41.85,2026-04-14
02276,"SHANGHAI CONANT OPTICAL CO., LTD.",22193833,4.37,2026-04-14
02279,"YONGHE MEDICAL GROUP CO., LTD.",15216000,2.88,2026-04-14
02280,HC GROUP INC.,61085000,4.66,2026-04-14
02282,MGM CHINA HOLDINGS LIMITED,79468594,2.08,2026-04-14
02285,CHERVON HOLDINGS LIMITED,45463688,8.89,2026-04-14
02291,"LEPU SCIENTECH MEDICAL TECHNOLOGY (SHANGHAI) CO., LTD.",12586000,3.62,2026-04-14
02298,COSMO LADY (CHINA) HOLDINGS COMPANY LIMITED,3644000,0.15,2026-04-14
02313,SHENZHOU INTERNATIONAL GROUP HOLDINGS LIMITED,110480829,7.34,2026-04-14
02314,LEE & MAN PAPER MANUFACTURING LIMITED,269199286,6.25,2026-04-14
02315,"BIOCYTOGEN PHARMACEUTICALS (BEIJING) CO., LTD.",31690762,28.6,2026-04-14
02318,"PING AN INSURANCE (GROUP) COMPANY OF CHINA, LTD.-HKD TRADED SHARES",1026744820,13.78,2026-04-14
02319,CHINA MENGNIU DAIRY COMPANY LIMITED,657353258,16.93,2026-04-14
02326,NEW PROVENANCE EVERLASTING HOLDINGS LIMITED,53210000,0.24,2026-04-14
02328,PICC PROPERTY AND CASUALTY COMPANY LIMITED,1681276892,24.36,2026-04-14
02329,GLORY HEALTH INDUSTRY LIMITED,132807000,2.98,2026-04-14
02331,LI NING COMPANY LIMITED -HKD TRADED SHARES,519956862,20.1,2026-04-14
02333,GREAT WALL MOTOR COMPANY LIMITED -HKD TRADED SHARES,924537586,39.87,2026-04-14
02338,"WEICHAI POWER CO., LTD.",268164358,13.79,2026-04-14
02342,COMBA TELECOM SYSTEMS HOLDINGS LIMITED,1722000,0.05,2026-04-14
02343,PACIFIC BASIN SHIPPING LIMITED,584308242,11.3,2026-04-14
02356,DAH SING BANKING GROUP LIMITED,5771200,0.4,2026-04-14
02357,AVICHINA INDUSTRY & TECHNOLOGY COMPANY LIMITED,1175534636,18.92,2026-04-14
02359,"WUXI APPTEC CO., LTD.",70380767,13.78,2026-04-14
02362,JINCHUAN GROUP INTERNATIONAL RESOURCES CO. LTD.,1472267000,11.2,2026-04-14
02363,TONGDA HONG TAI HOLDINGS LIMITED,32925,0.01,2026-04-14
02367,"GIANT BIOGENE HOLDING CO., LTD",247282966,23.08,2026-04-14
02369,COOLPAD GROUP LIMITED,460950,0.13,2026-04-14
02378,PRUDENTIAL PLC,4764475,0.18,2026-04-14
02380,CHINA POWER INTERNATIONAL DEVELOPMENT LIMITED,2600234624,21.01,2026-04-14
02382,SUNNY OPTICAL TECHNOLOGY (GROUP) COMPANY LIMITED,171284154,15.63,2026-04-14
02386,"SINOPEC ENGINEERING (GROUP) CO., LTD.",404279897,24.54,2026-04-14
02388,BOC HONG KONG (HOLDINGS) LIMITED -HKD TRADED SHARES,360070262,3.39,2026-04-14
02400,XD INC.,138270505,28.07,2026-04-14
02402,"BEIJING SINOHYTEC CO., LTD.",14252110,31.84,2026-04-14
02407,GAUSH MEDITECH LTD,5424100,3.66,2026-04-14
02410,"TYK MEDICINES, INC",101583500,26.71,2026-04-14
02411,SHENZHEN PAGODA INDUSTRIAL (GROUP) CORPORATION LIMITED,114323500,5.7,2026-04-14
02415,MEDSCI HEALTHCARE HOLDINGS LIMITED,5560750,0.91,2026-04-14
02416,EDIANYUN LIMITED,22449000,4.19,2026-04-14
02419,DEKON FOOD AND AGRICULTURE GROUP,47887499,30.38,2026-04-14
02423,KE HOLDINGS INC.,576121914,16.48,2026-04-14
02429,BEIJING UBOX ONLINE TECHNOLOGY CORP.,173814500,18.36,2026-04-14
02431,"MINIEYE TECHNOLOGY CO., LTD",42452600,12.81,2026-04-14
02432,SHENZHEN DOBOT CORP LTD,56328600,14.3,2026-04-14
02443,AUTOSTREETS DEVELOPMENT LIMITED,114711000,13.77,2026-04-14
02453,"CONCORD HEALTHCARE GROUP CO., LTD.",81230800,25.87,2026-04-14
02460,CHINA RESOURCES BEVERAGE (HOLDINGS) COMPANY LIMITED,188320050,7.84,2026-04-14
02465,"JIANGSU LOPAL TECH. GROUP CO., LTD.",63469500,52.88,2026-04-14
02469,FENBI LTD.,468926500,20.93,2026-04-14
02473,XXF GROUP HOLDINGS LIMITED,967670000,62.55,2026-04-14
02477,"WELLCELL HOLDINGS CO., LIMITED",12605600,1.25,2026-04-14
02487,CUTIA THERAPEUTICS,7945800,2.17,2026-04-14
02498,"ROBOSENSE TECHNOLOGY CO., LTD",186298993,38.45,2026-04-14
02500,VENUS MEDTECH (HANGZHOU) INC.,50731600,11.49,2026-04-14
02506,"XUNFEI HEALTHCARE TECHNOLOGY CO., LTD.",5169218,6.68,2026-04-14
02507,CIRRUS AIRCRAFT LIMITED,35626310,9.72,2026-04-14
02510,T.S. LINES LIMITED,64756813,3.88,2026-04-14
02511,"HIGHTIDE THERAPEUTICS, INC.",21704500,3.79,2026-04-14
02517,"GUOQUAN FOOD (SHANGHAI) CO., LTD.",393924272,14.33,2026-04-14
02522,"JIANGXI RIMAG GROUP CO., LTD.",128909500,43.82,2026-04-14
02533,BLACK SESAME INTERNATIONAL HOLDING LIMITED,248998881,36.69,2026-04-14
02550,EASOU TECHNOLOGY HOLDINGS LIMITED,103212000,22.82,2026-04-14
02555,"SICHUAN BAICHA BAIDAO INDUSTRIAL CO., LTD.",54806200,3.7,2026-04-14
02556,MARKETINGFORCE MANAGEMENT LTD,51495400,20.09,2026-04-14
02562,SYNAGISTICS LIMITED,236154000,51.53,2026-04-14
02565,"PEGBIO CO., LTD. -50",334900,0.1,2026-04-14
02570,SHANGHAI REFIRE GROUP LIMITED,11118560,17.88,2026-04-14
02575,"XUANZHU BIOPHARMACEUTICAL CO., LTD.",2899000,1.8,2026-04-14
02577,"INNOSCIENCE (SUZHOU) TECHNOLOGY HOLDING CO., LTD.",80918291,15.39,2026-04-14
02579,"CNGR ADVANCED MATERIAL CO., LTD.",21370400,20.5,2026-04-14
02580,"AUX ELECTRIC CO., LTD.",60146200,3.77,2026-04-14
02582,"JIANGSU GUOFU HYDROGEN ENERGY EQUIPMENT CO., LTD.",28516200,28.1,2026-04-14
02583,"SHENZHEN HIPINE PRECISION TECHNOLOGY CO., LTD.",252500,0.41,2026-04-14
02586,DMALL INC.,71238600,7.58,2026-04-14
02587,HEALTHYWAY INC.,202939000,23.11,2026-04-14
02588,BOC AVIATION LIMITED,32804791,4.72,2026-04-14
02589,"AUNTEA JENNY (SHANGHAI) INDUSTRIAL CO., LTD.",1283340,2.15,2026-04-14
02590,"BEIJING GEEKPLUS TECHNOLOGY CO., LTD.",21676400,2.11,2026-04-14
02591,"GUANGZHOU INNOGEN PHARMACEUTICAL GROUP CO., LTD.",2963400,0.7,2026-04-14
02595,GENFLEET THERAPEUTICS (SHANGHAI) INC.,11922000,3.52,2026-04-14
02600,ALUMINUM CORPORATION OF CHINA LIMITED,1171377158,29.69,2026-04-14
02601,CHINA PACIFIC INSURANCE (GROUP) CO. LTD.,1168735464,42.1,2026-04-14
02602,ONEWO INC.,125397630,10.73,2026-04-14
02603,"XIAMEN JIHONG CO., LTD",35528500,52.31,2026-04-14
02607,"SHANGHAI PHARMACEUTICALS HOLDING CO., LTD.",305666510,33.25,2026-04-14
02609,BAYZED HEALTH GROUP INC,90477000,6.86,2026-04-14
02610,NANSHAN ALUMINIUM INTERNATIONAL HOLDINGS LIMITED,23865618,3.83,2026-04-14
02611,"GUOTAI HAITONG SECURITIES CO., LTD.",1424893061,40.64,2026-04-14
02616,CSTONE PHARMACEUTICALS,82903500,5.61,2026-04-14
02617,"TRANSTHERA SCIENCES (NANJING), INC.",11381000,3.74,2026-04-14
02618,"JD LOGISTICS, INC.",241367482,3.61,2026-04-14
02627,"AB&B BIO-TECH CO.,LTD. JS",1438800,0.48,2026-04-14
02628,CHINA LIFE INSURANCE COMPANY LIMITED,1992222345,26.76,2026-04-14
02629,MIRXES HOLDING COMPANY LIMITED,52168700,17.49,2026-04-14
02631,"SICC CO., LTD.",17032700,31.02,2026-04-14
02637,"FUJIAN HAIXI PHARMACEUTICALS CO., LTD.",2258550,2.86,2026-04-14
02643,CAOCAO INC.,36348896,6.24,2026-04-14
02648,"ANJOY FOODS GROUP CO., LTD.",19129097,47.82,2026-04-14
02650,"SHANGHAI ZHIDA TECHNOLOGY DEVELOPMENT CO., LTD.",629800,0.2,2026-04-14
02652,"CF PHARMTECH, INC.",3159000,1.04,2026-04-14
02655,"GUOXIA TECHNOLOGY CO., LTD.",897600,0.22,2026-04-14
02656,160 HEALTH INTERNATIONAL LIMITED,3080750,0.9,2026-04-14
02659,"SHANGHAI BAO PHARMACEUTICALS CO., LTD.",1360300,0.87,2026-04-14
02661,QINGSONG HEALTH CORPORATION,334000,0.15,2026-04-14
02665,SEYOND HOLDINGS LTD.,8481000,0.65,2026-04-14
02666,GENERTEC UNIVERSAL MEDICAL GROUP COMPANY LIMITED,474511500,23.55,2026-04-14
02669,CHINA OVERSEAS PROPERTY HOLDINGS LIMITED,738437168,22.48,2026-04-14
02676,"SUZHOU NOVOSENSE MICROELECTRONICS CO., LTD.",3747877,18.64,2026-04-14
02678,TEXHONG INTERNATIONAL GROUP LIMITED,24883000,2.7,2026-04-14
02685,QUANTGROUP HOLDING LIMITED,1896500,0.36,2026-04-14
02687,"SHANGHAI ABLE DIGITAL SCIENCE&TECH CO., LTD.",13500,0.01,2026-04-14
02688,ENN ENERGY HOLDINGS LIMITED,194385868,17.16,2026-04-14
02689,NINE DRAGONS PAPER (HOLDINGS) LIMITED,481331727,10.25,2026-04-14
02691,"NANHUA FUTURES CO., LTD.",27213000,25.27,2026-04-14
02692,"SHENZHEN ZHAOWEI MACHINERY & ELECTRONICS CO., LTD.",2598200,9.7,2026-04-14
02698,SOFTCARE LIMITED,21413264,3.44,2026-04-14
02701,NSING TECHNOLOGIES INC.,25720000,27.07,2026-04-14
02714,"MUYUAN FOODS CO., LTD.",19924800,6.42,2026-04-14
02715,"ESTUN AUTOMATION CO., LTD",1785800,1.83,2026-04-14
02727,SHANGHAI ELECTRIC GROUP COMPANY LIMITED,1265327000,43.26,2026-04-14
02768,"QINGDAO GON TECHNOLOGY CO., LTD.",5621200,18.72,2026-04-14
02772,ZHONGLIANG HOLDINGS GROUP COMPANY LIMITED,118288500,2.65,2026-04-14
02777,"GUANGZHOU R&F PROPERTIES CO., LTD.",323775600,8.62,2026-04-14
02788,CHUANGXIN INDUSTRIES HOLDINGS LIMITED,61461595,2.95,2026-04-14
02798,PERENNIAL ENERGY HOLDINGS LIMITED,190680000,11.91,2026-04-14
02799,"CHINA CITIC FINANCIAL ASSET MANAGEMENT CO., LTD.",4534282000,12.82,2026-04-14
02800,TRACKER FUND OF HONG KONG -HKD TRADED UNITS,142893604,2.66,2026-04-14
02801,ISHARES CORE MSCI CHINA ETF,269800,0.03,2026-04-14
02825,W.I.S.E. - CSI HK 100 TRACKER,400,0.0,2026-04-14
02828,HANG SENG CHINA ENTERPRISES INDEX ETF -HKD TRADED UNITS,9265500,2.52,2026-04-14
02837,GLOBAL X HANG SENG TECH ETF,50724900,15.94,2026-04-14
02858,YIXIN GROUP LIMITED,1135557831,16.72,2026-04-14
02865,"HAINAN DRINDA NEW ENERGY TECHNOLOGY CO., LTD.",48611290,59.19,2026-04-14
02866,"COSCO SHIPPING DEVELOPMENT CO., LTD.",980967000,28.46,2026-04-14
02869,GREENTOWN SERVICE GROUP CO. LTD.,389536772,12.35,2026-04-14
02877,CHINA SHINEWAY PHARMACEUTICAL GROUP LIMITED,65165102,7.87,2026-04-14
02880,"LIAONING PORT CO., LTD.",970055488,18.79,2026-04-14
02882,3DG HOLDINGS (INTERNATIONAL) LIMITED,30219,0.0,2026-04-14
02883,CHINA OILFIELD SERVICES LIMITED,506862620,27.97,2026-04-14
02888,STANDARD CHARTERED PLC,40985102,1.83,2026-04-14
02889,PATEO CONNECT TECHNOLOGY (SHANGHAI) CORPORATION,2690440,3.78,2026-04-14
02899,"ZIJIN MINING GROUP CO., LTD.",1376035787,22.96,2026-04-14
03032,HANG SENG TECH INDEX ETF,259728600,18.19,2026-04-14
03033,CSOP HANG SENG TECH INDEX ETF,11713524200,66.13,2026-04-14
03037,CSOP HANG SENG INDEX ETF,99700,0.38,2026-04-14
03039,E FUND (HK) HSI ESG ENHANCED INDEX ETF,145600,0.07,2026-04-14
03040,GLOBAL X MSCI CHINA ETF-HKD TRADED UNITS,300,0.0,2026-04-14
03067,ISHARES HANG SENG TECH ETF - HKD TRADED UNITS,10730400,,2026-04-14
03069,CHINAAMC HANG SENG BIOTECH ETF - HKD TRADED UNITS,14016300,9.23,2026-04-14
03070,PING AN OF CHINA CSI HK DIVIDEND ETF -HKD COUNTER,1635000,6.49,2026-04-14
03088,CHINAAMC HANG SENG TECH INDEX ETF -HKD TRADED UNITS,56762000,21.57,2026-04-14
03110,GLOBAL X HANG SENG HIGH DIVIDEND YIELD ETF-HKD COUNTER,3304200,1.68,2026-04-14
03115,ISHARES CORE HANG SENG INDEX ETF -HKD TRADED UNITS,28200,0.1,2026-04-14
03167,ICBC CSOP S&P NEW CHINA SECTORS ETF -HKD TRADED UNITS,4900,0.05,2026-04-14
03174,CSOP HANG SENG BIOTECH ETF,1063000,0.41,2026-04-14
03200,"SHENZHEN HAN'S CNC TECHNOLOGY CO., LTD.",1664700,2.86,2026-04-14
03268,"MEIG SMART TECHNOLOGY CO., LTD.",10316000,25.62,2026-04-14
03288,FOSHAN HAITIAN FLAVOURING AND FOOD COMPANY LTD.,53305700,18.29,2026-04-14
03301,RONSHINE CHINA HOLDINGS LIMITED,110885000,6.58,2026-04-14
03306,JNBY DESIGN LIMITED,49005608,9.18,2026-04-14
03309,C-MER MEDICAL HOLDINGS LIMITED,70761000,5.73,2026-04-14
03311,CHINA STATE CONSTRUCTION INTERNATIONAL HOLDINGS LIMITED,564072821,10.67,2026-04-14
03317,"SHENZHEN XUNCE TECHNOLOGY CO., LTD.",5435000,2.03,2026-04-14
03319,"A-LIVING SMART CITY SERVICES CO., LTD.",331156250,23.31,2026-04-14
03320,CHINA RESOURCES PHARMACEUTICAL GROUP LIMITED,402178619,6.39,2026-04-14
03323,CHINA NATIONAL BUILDING MATERIAL COMPANY LIMITED,1051898111,28.3,2026-04-14
03328,"BANK OF COMMUNICATIONS CO., LTD.",2663868446,7.6,2026-04-14
03329,BOCOM INTERNATIONAL HOLDINGS COMPANY LIMITED,1873000,0.06,2026-04-14
03330,LINGBAO GOLD GROUP COMPANY LTD.,247024992,21.09,2026-04-14
03339,LONKING HOLDINGS LIMITED,201008349,4.69,2026-04-14
03347,"HANGZHOU TIGERMED CONSULTING CO., LTD.",57992554,47.09,2026-04-14
03360,FAR EAST HORIZON LIMITED,631367919,,2026-04-14
03368,PARKSON RETAIL GROUP LIMITED,5259000,0.19,2026-04-14
03369,"QINHUANGDAO PORT CO., LTD.",366612500,44.17,2026-04-14
03377,SINO-OCEAN GROUP HOLDING LIMITED,689553100,5.81,2026-04-14
03380,LOGAN GROUP COMPANY LIMITED,486012000,8.54,2026-04-14
03382,TIANJIN PORT DEVELOPMENT HOLDINGS LIMITED,91328000,1.48,2026-04-14
03383,AGILE GROUP HOLDINGS LIMITED,347166000,6.87,2026-04-14
03389,HENGDELI HOLDINGS LIMITED,44000,0.0,2026-04-14
03393,WASION HOLDINGS LIMITED,27847280,2.78,2026-04-14
03396,LEGEND HOLDINGS CORPORATION,169275600,13.3,2026-04-14
03403,CHINAAMC HSI ESG ETF -HKD TRADED UNITS,1260,0.0,2026-04-14
03423,CMS HANG SENG TECH INDEX ETF,3082680,5.58,2026-04-14
03432,CSOP MSCI HK CHINA CONNECT SELECT ETF,2150,0.0,2026-04-14
03441,CSOP FTSE EAST-WEST EQUITY SELECT ETF,33766900,46.56,2026-04-14
03442,CSOP HANG SENG HK-US TECH ETF,29717000,39.61,2026-04-14
03606,"FUYAO GLASS INDUSTRY GROUP CO., LTD",93162131,15.35,2026-04-14
03613,BEIJING TONG REN TANG CHINESE MEDICINE COMPANY LIMITED,158653100,18.95,2026-04-14
03618,"CHONGQING RURAL COMMERCIAL BANK CO., LTD.",931187497,37.04,2026-04-14
03633,ZHONGYU ENERGY HOLDINGS LIMITED,120439000,4.37,2026-04-14
03650,KEEP INC.,18780400,3.67,2026-04-14
03668,YANCOAL AUSTRALIA LTD,85641242,6.47,2026-04-14
03669,CHINA YONGDA AUTOMOBILES SERVICES HOLDINGS LIMITED,122521000,6.6,2026-04-14
03677,"JIANGSU ZENERGY BATTERY TECHNOLOGIES GROUP CO., LTD.",48018600,3.23,2026-04-14
03678,"SOHO HOLLY FUTURES CO., LTD.",159326000,63.8,2026-04-14
03690,MEITUAN -HKD TRADED SHARES,1363840985,22.08,2026-04-14
03692,HANSOH PHARMACEUTICAL GROUP COMPANY LIMITED,287463406,4.74,2026-04-14
03696,INSILICO MEDICINE CAYMAN TOPCO,13700053,2.39,2026-04-14
03698,HUISHANG BANK CORPORATION LIMITED,202449100,5.81,2026-04-14
03709,EEKA FASHION HOLDINGS LIMITED,25845500,3.63,2026-04-14
03738,VOBILE GROUP LIMITED,1219897418,47.01,2026-04-14
03750,"CONTEMPORARY AMPEREX TECHNOLOGY CO., LIMITED",5887788,3.77,2026-04-14
03759,"PHARMARON BEIJING CO., LTD.",170789520,47.43,2026-04-14
03788,HANKING GOLD INTERNATIONAL LIMITED,332000,0.01,2026-04-14
03800,GCL TECHNOLOGY HOLDINGS LIMITED,10488809132,31.57,2026-04-14
03808,SINOTRUK (HONG KONG) LIMITED,254307481,9.2,2026-04-14
03813,POU SHENG INTERNATIONAL (HOLDINGS) LIMITED,14371000,0.27,2026-04-14
03818,"CHINA DONGXIANG (GROUP) CO., LTD.",209605000,3.55,2026-04-14
03836,CHINA HARMONY AUTO HOLDING LIMITED,126102500,8.27,2026-04-14
03858,JIAXIN INTERNATIONAL RESOURCES INVESTMENT LIMITED,40100429,8.79,2026-04-14
03866,"BANK OF QINGDAO CO., LTD.",484637186,21.14,2026-04-14
03868,XINYI ENERGY HOLDINGS LIMITED,1029965323,12.08,2026-04-14
03877,CSSC (HONG KONG) SHIPPING COMPANY LIMITED,1226239333,,2026-04-14
03881,CIDI INC.,1283900,0.29,2026-04-14
03883,CHINA AOYUAN GROUP LIMITED,161387000,3.5,2026-04-14
03886,TOWN HEALTH INTERNATIONAL MEDICAL GROUP LIMITED,26944000,0.39,2026-04-14
03888,KINGSOFT CORPORATION LIMITED,363098539,26.26,2026-04-14
03896,KINGSOFT CLOUD HOLDINGS LIMITED,1512522804,33.37,2026-04-14
03898,"ZHUZHOU CRRC TIMES ELECTRIC CO., LTD.",102745107,21.0,2026-04-14
03899,CIMC ENRIC HOLDINGS LIMITED,259322481,12.27,2026-04-14
03900,GREENTOWN CHINA HOLDINGS LIMITED,782283356,30.79,2026-04-14
03908,CHINA INTERNATIONAL CAPITAL CORPORATION LIMITED,545306300,28.63,2026-04-14
03913,KWG LIVING GROUP HOLDINGS LIMITED,116245290,5.73,2026-04-14
03918,NAGACORP LTD,139076851,3.14,2026-04-14
03931,"CALB GROUP CO., LTD.",125801485,16.51,2026-04-14
03933,"UNITED LABORATORIES INTERNATIONAL HOLDINGS LIMITED, THE",592420426,30.02,2026-04-14
03939,WANGUO GOLD GROUP LIMITED,608369622,13.74,2026-04-14
03958,DFZQ,553624753,53.89,2026-04-14
03968,"CHINA MERCHANTS BANK CO., LTD.",1443073695,31.43,2026-04-14
03969,CHINA RAILWAY SIGNAL & COMMUNICATION CORPORATION LIMITED,993005000,50.43,2026-04-14
03986,GIGADEVICE SEMICONDUCTOR INC.,4671100,14.04,2026-04-14
03988,BANK OF CHINA LIMITED,27597961818,32.99,2026-04-14
03990,MIDEA REAL ESTATE HOLDING LIMITED,109363220,7.61,2026-04-14
03993,CMOC GROUP LIMITED,903444025,22.96,2026-04-14
03996,CHINA ENERGY ENGINEERING CORPORATION LIMITED,2246888000,24.25,2026-04-14
03998,BOSIDENG INTERNATIONAL HOLDINGS LIMITED,1304298929,11.16,2026-04-14
06030,CITIC SECURITIES COMPANY LIMITED,959158329,36.6,2026-04-14
06031,"SANY HEAVY INDUSTRY CO., LTD.",16447421,2.28,2026-04-14
06049,"POLY PROPERTY SERVICES CO., LTD.",64186563,18.48,2026-04-14
06055,CHINA TOBACCO INTERNATIONAL (HK) COMPANY LIMITED,87481429,12.64,2026-04-14
06060,"ZHONGAN ONLINE P & C INSURANCE CO., LTD.",408778308,24.99,2026-04-14
06066,"CSC FINANCIAL CO., LTD.",521970091,41.38,2026-04-14
06068,WISDOM EDUCATION INTERNATIONAL HOLDINGS COMPANY LIMITED,81726000,3.75,2026-04-14
06069,SY HOLDINGS GROUP LIMITED,152867000,14.33,2026-04-14
06078,"HYGEIA HEALTHCARE HOLDINGS CO., LIMITED",204072302,32.98,2026-04-14
06086,FANGZHOU INC.,74205000,5.35,2026-04-14
06088,FIT HON TENG LIMITED,578926138,7.92,2026-04-14
06090,BUTONG GROUP,3415200,3.75,2026-04-14
06098,COUNTRY GARDEN SERVICES HOLDINGS COMPANY LIMITED,892519366,27.4,2026-04-14
06099,"CHINA MERCHANTS SECURITIES CO., LTD.",329460674,25.84,2026-04-14
06100,TONGDAO LIEPIN GROUP,11346600,2.2,2026-04-14
06110,TOPSPORTS INTERNATIONAL HOLDINGS LIMITED,453690668,7.31,2026-04-14
06127,"JOINN LABORATORIES (CHINA) CO., LTD.",71256787,59.87,2026-04-14
06158,ZHENRO PROPERTIES GROUP LIMITED,648517000,14.84,2026-04-14
06160,BEONE MEDICINES LTD.,137623073,8.92,2026-04-14
06166,"CIG SHANGHAI CO., LTD.",16041550,20.81,2026-04-14
06168,"ZHOU LIU FU JEWELLERY CO., LTD.",9860000,3.59,2026-04-14
06169,CHINA YUHUA EDUCATION CORPORATION LIMITED,441398300,10.28,2026-04-14
06178,EVERBRIGHT SECURITIES COMPANY LIMITED,191381600,27.18,2026-04-14
06181,"LAOPU GOLD CO., LTD.",18535188,12.9,2026-04-14
06185,CANSINO BIOLOGICS INC.,48211100,36.33,2026-04-14
06186,CHINA FEIHE LIMITED,1453254145,16.02,2026-04-14
06196,"BANK OF ZHENGZHOU CO., LTD.",1168126993,57.81,2026-04-14
06198,"QINGDAO PORT INTERNATIONAL CO., LTD.",344065936,31.29,2026-04-14
06600,"ONEROBOTICS (SHENZHEN) CO., LTD.",2633300,1.16,2026-04-14
06601,CHEERWIN GROUP LIMITED,41129500,3.08,2026-04-14
06603,IFBH LIMITED,20131400,7.54,2026-04-14
06610,FLOWING CLOUD TECHNOLOGY LTD,12721300,9.77,2026-04-14
06613,"LENS TECHNOLOGY CO., LTD.",71629420,23.74,2026-04-14
06616,GLOBAL NEW MATERIAL INTERNATIONAL HOLDINGS LIMITED,450614000,36.08,2026-04-14
06618,JD HEALTH INTERNATIONAL INC. -HKD TRADED SHARES,264308329,8.23,2026-04-14
06639,ARRAIL GROUP LIMITED,46289500,8.2,2026-04-14
06651,"BEIJING 51WORLD DIGITAL TWIN TECHNOLOGY CO., LTD.",7681200,1.93,2026-04-14
06655,"HUAXIN BUILDING MATERIALS GROUP CO., LTD.",145855469,19.84,2026-04-14
06660,"AIM VACCINE CO., LTD.",46904600,9.23,2026-04-14
06666,EVERGRANDE PROPERTY SERVICES GROUP LIMITED,1808383500,16.72,2026-04-14
06680,"JL MAG RARE-EARTH CO., LTD.",54988600,23.41,2026-04-14
06681,BRAINAURORA MEDICAL TECHNOLOGY LIMITED,164344000,12.09,2026-04-14
06682,"PHANCY GROUP CO., LTD.",177611000,55.36,2026-04-14
06683,STAR PLUS LEGEND HOLDINGS LIMITED,189789000,19.93,2026-04-14
06687,JST GROUP CORPORATION LIMITED,12553200,2.87,2026-04-14
06690,"HAIER SMART HOME CO., LTD.",525965968,18.42,2026-04-14
06693,"CHIFENG JILONG GOLD MINING CO., LTD.",96472143,40.78,2026-04-14
06698,STAR CM HOLDINGS LIMITED,32853000,8.23,2026-04-14
06699,ANGELALIGN TECHNOLOGY INC.,27718414,16.2,2026-04-14
06806,"SHENWAN HONGYUAN GROUP CO., LTD.",980305600,39.14,2026-04-14
06808,SUN ART RETAIL GROUP LIMITED,225174000,2.35,2026-04-14
06809,"MONTAGE TECHNOLOGY CO., LTD.",2823500,3.71,2026-04-14
06818,CHINA EVERBRIGHT BANK COMPANY LIMITED,2282039837,17.99,2026-04-14
06821,"ASYMCHEM LABORATORIES (TIANJIN) CO., LTD.",11569962,41.55,2026-04-14
06826,"SHANGHAI HAOHAI BIOLOGICAL TECHNOLOGY CO., LTD.",14338788,39.9,2026-04-14
06828,BEIJING GAS BLUE SKY HOLDINGS LIMITED,181664000,0.79,2026-04-14
06855,ASCENTAGE PHARMA GROUP INTERNATIONAL,176722268,47.32,2026-04-14
06862,HAIDILAO INTERNATIONAL HOLDING LTD.,537733439,9.64,2026-04-14
06865,"FLAT GLASS GROUP CO., LTD.",176558112,39.96,2026-04-14
06869,YANGTZE OPTICAL FIBRE AND CABLE JOINT STOCK LIMITED COMPANY,225105390,53.38,2026-04-14
06878,DIFFER GROUP AUTO LIMITED,448032500,47.68,2026-04-14
06881,"CHINA GALAXY SECURITIES CO., LTD.",1693558176,45.87,2026-04-14
06886,"HUATAI SECURITIES CO., LTD.",980734874,57.04,2026-04-14
06887,"SUNSHINE LAKE PHARMA CO., LTD.",41999018,37.25,2026-04-14
06929,ORBUSNEICH MEDICAL GROUP HOLDINGS LIMITED,1784000,0.21,2026-04-14
06936,"S.F. HOLDING CO., LTD.",105863262,44.1,2026-04-14
06955,"SHANDONG BOAN BIOTECHNOLOGY CO., LTD.",138304800,22.22,2026-04-14
06963,SUNSHINE INSURANCE GROUP COMPANY LIMITED,997476776,28.67,2026-04-14
06968,GANGLONG CHINA PROPERTY GROUP LIMITED,323419000,19.93,2026-04-14
06969,SMOORE INTERNATIONAL HOLDINGS LIMITED,684414470,11.03,2026-04-14
06978,IMMUNOTECH BIOPHARM LTD,18415600,2.98,2026-04-14
06979,ZJLD GROUP INC,297786494,8.78,2026-04-14
06988,JOY SPREADER GROUP INC.,479858200,20.22,2026-04-14
06989,EXCELLENCE COMMERCIAL PROPERTY & FACILITIES MANAGEMENT GROUP LIMITED,21681000,1.76,2026-04-14
06990,"SICHUAN KELUN-BIOTECH BIOPHARMACEUTICAL CO., LTD.",40245528,24.71,2026-04-14
06993,BLUE MOON GROUP HOLDINGS LIMITED,43855000,0.74,2026-04-14
06996,ANTENGENE CORPORATION LIMITED,9587500,1.41,2026-04-14
06998,EDDING GENOR GROUP HOLDINGS LIMITED,11965000,0.59,2026-04-14
07489,"VOYAH AUTOMOTIVE TECHNOLOGY CO., LTD.",347844254,39.27,2026-04-14
07618,"JINGDONG INDUSTRIALS, INC.",10742800,0.39,2026-04-14
08328,XINYI ELECTRIC STORAGE HOLDINGS LIMITED,82750,0.01,2026-04-14
09606,"DUALITY BIOTHERAPEUTICS, INC.",30482545,,2026-04-14
09611,"SHANGHAI LONGCHEER TECHNOLOGY CO., LTD.",4979700,9.52,2026-04-14
09618,"JD.COM, INC. -HKD TRADED SHARES",1708160,0.05,2026-04-14
09626,BILIBILI INC.,107095833,25.19,2026-04-14
09633,"NONGFU SPRING CO., LTD.",151474595,3.0,2026-04-14
09636,JF SMARTINVEST HOLDINGS LTD,78136501,16.68,2026-04-14
09658,SUPER HI INTERNATIONAL HOLDING LTD.,42746948,6.56,2026-04-14
09660,HORIZON ROBOTICS,2884359535,19.68,2026-04-14
09668,"CHINA BOHAI BANK CO., LTD.",301371500,4.85,2026-04-14
09669,BEISEN HOLDING LIMITED,4164000,0.55,2026-04-14
09676,"SHIYUE DAOTIAN GROUP CO., LTD.",68785800,6.43,2026-04-14
09678,"UNISOUND AI TECHNOLOGY CO., LTD.",1582302,3.63,2026-04-14
09688,ZAI LAB LIMITED,439099621,38.71,2026-04-14
09690,TUHU CAR INC.,122450817,14.81,2026-04-14
09696,TIANQI LITHIUM CORPORATION,82992966,36.21,2026-04-14
09699,"HANGZHOU SF INTRA-CITY INDUSTRIAL CO., LTD.",122892740,16.48,2026-04-14
09857,LINMON MEDIA LIMITED,2111600,0.57,2026-04-14
09858,CHINA YOURAN DAIRY GROUP LIMITED,1187845966,28.33,2026-04-14
09860,ADICON HOLDINGS LIMITED,22707500,3.11,2026-04-14
09863,"ZHEJIANG LEAPMOTOR TECHNOLOGY CO., LTD.",277305314,24.51,2026-04-14
09868,XPENG INC.,414080082,21.62,2026-04-14
09869,HELENS INTERNATIONAL HOLDINGS COMPANY LIMITED,90673034,7.16,2026-04-14
09877,"JENSCARE SCIENTIFIC CO., LTD.",6494000,2.08,2026-04-14
09878,"HUITONGDA NETWORK CO., LTD.",36296400,20.12,2026-04-14
09880,UBTECH ROBOTICS CORP LTD,129950863,30.02,2026-04-14
09885,YSB INC.,146657200,21.31,2026-04-14
09886,DINGDANG HEALTH TECHNOLOGY GROUP LTD.,64088500,4.85,2026-04-14
09887,"NANJING LEADS BIOLABS CO., LTD.",11442000,7.45,2026-04-14
09890,TANWAN INC.,59238432,11.08,2026-04-14
09896,MINISO GROUP HOLDING LIMITED,106634113,8.6,2026-04-14
09899,NETEASE CLOUD MUSIC INC.,30896599,14.17,2026-04-14
09909,POWERLONG COMMERCIAL MANAGEMENT HOLDINGS LIMITED,12576000,1.95,2026-04-14
09911,NEWBORN TOWN INC.,98840000,6.99,2026-04-14
09922,JIUMAOJIU INTERNATIONAL HOLDINGS LIMITED,220529000,15.83,2026-04-14
09923,YEAHKA LIMITED,22543200,4.87,2026-04-14
09926,"AKESO, INC.",418108870,45.38,2026-04-14
09927,"SERES GROUP CO., LTD.",16024000,14.74,2026-04-14
09928,TIMES NEIGHBORHOOD HOLDINGS LIMITED,21766356,2.2,2026-04-14
09930,HORIZON CONSTRUCTION DEVELOPMENT LIMITED,18084399,0.55,2026-04-14
09939,KINTOR PHARMACEUTICAL LIMITED,76630000,15.36,2026-04-14
09955,CLOUDR GROUP LIMITED,47211400,7.3,2026-04-14
09959,LINKLOGIS INC.,124897000,5.83,2026-04-14
09966,ALPHAMAB ONCOLOGY,171262000,17.57,2026-04-14
09968,HUIJING HOLDINGS COMPANY LIMITED,251644000,4.78,2026-04-14
09969,INNOCARE PHARMA LIMITED,459060997,26.0,2026-04-14
09973,"CHERY AUTOMOBILE CO., LTD.",51207860,2.17,2026-04-14
09979,GREENTOWN MANAGEMENT HOLDINGS COMPANY LIMITED,222685000,11.12,2026-04-14
09980,"EASTROC BEVERAGE (GROUP) CO., LTD.",1169934,2.61,2026-04-14
09981,"SHENZHEN WOER HEAT-SHRINKABLE MATERIAL CO., LTD.",22532600,16.09,2026-04-14
09982,CENTRAL CHINA MANAGEMENT COMPANY LIMITED,21672578,0.56,2026-04-14
09983,CENTRAL CHINA NEW LIFE LIMITED,25077000,1.92,2026-04-14
09985,WEILONG DELICIOUS GLOBAL HOLDINGS LTD,159107999,6.53,2026-04-14
09987,"YUM CHINA HOLDINGS, INC.",19817214,5.63,2026-04-14
09988,ALIBABA GROUP HOLDING LIMITED -HKD TRADED SHARES,2249995973,11.75,2026-04-14
09989,"SHENZHEN HEPALINK PHARMACEUTICAL GROUP CO., LTD.",108229000,49.17,2026-04-14
09990,ARCHOSAUR GAMES INC.,46968000,5.84,2026-04-14
09992,POP MART INTERNATIONAL GROUP LIMITED,300582531,22.4,2026-04-14
09993,RADIANCE HOLDINGS (GROUP) COMPANY LIMITED,267569000,6.61,2026-04-14
09995,"REMEGEN CO., LTD.",109097143,52.3,2026-04-14
09996,PEIJIA MEDICAL LIMITED,76353100,11.35,2026-04-14
