date,top,bottom,long_short,universe
2017-01-31,1.082662584586657,1.0085555245212703,1.0741070600653868,1.0342836572256948
2017-02-28,1.1070430120436312,1.024116196159786,1.0817227813397154,1.0583266969158185
2017-03-31,1.1271967662750784,1.0260266603351218,1.0993976520664184,1.071025634914565
2017-04-30,1.1645451430830671,1.0680648364071799,1.0907806181078465,1.1243735085108166
2017-05-31,1.2723786940775734,1.0492139754741394,1.211035569169446,1.154173521861618
2017-06-30,1.4227711124934281,1.1191580934652934,1.2734456750206913,1.2298664502926355
2017-07-31,1.5072733341671671,1.146065342519247,1.3184623622327973,1.2706107921682688
2017-08-31,1.6312936707126497,1.2424261428000702,1.316091210196583,1.319139866401248
2017-09-30,1.6605597033499955,1.3164556295497138,1.2612835984568727,1.3563675619190945
2017-10-31,1.7153728311357257,1.2879204818341905,1.3302563436233426,1.3676305512423963
2017-11-30,1.754727200592922,1.3290779873229908,1.3182648925136342,1.4286634661395565
2017-12-31,1.9492918681242926,1.418975398799295,1.3752684657694487,1.5550200575153146
2018-01-31,1.9506659446677022,1.3188715568913423,1.4732583749827575,1.4884779042467977
2018-02-28,1.9170701813333495,1.3172041663252516,1.449747441032472,1.476990724876349
2018-03-31,1.8870387245393268,1.3693958331217517,1.3695932919887888,1.5078531231553358
2018-04-30,2.003679162740815,1.3769199362237527,1.446724533978533,1.553801412924724
2018-05-31,1.9513205022558076,1.324173973932243,1.464339781253334,1.4794952205717657
2018-06-30,1.8829457074796545,1.332991052375632,1.403278542345471,1.4713465210980348
2018-07-31,1.7517439417599088,1.3199982516946052,1.3191774029921775,1.4247896551907178
2018-08-31,1.668727590618711,1.3785755585151636,1.1981197976860087,1.427660173892293
2018-09-30,1.449541530029827,1.2155508560833608,1.1824324445394243,1.2835443576819996
2018-10-31,1.5498446770822556,1.3126632647201757,1.169786064738578,1.372350521581178
2018-11-30,1.4543665631765545,1.249767123956067,1.153771637852941,1.3206115413334347
2018-12-31,1.5881615056657656,1.3622309980818506,1.1560878034395758,1.437360862935453
2019-01-31,1.6847972919590353,1.462012299266755,1.1417513171151303,1.510406139168728
2019-02-28,1.7287370839888816,1.4980027413721662,1.1434218214895668,1.5542884663067547
2019-03-31,1.7683031373134834,1.5924842252986646,1.0974741276797264,1.590869065084777
2019-04-30,1.6219464781214703,1.4268438761308055,1.1207922522337608,1.4559089771820688
2019-05-31,1.7730277387204723,1.4799349601065652,1.1834886561408788,1.5439243301076735
2019-06-30,1.7992899386552046,1.4947514911560753,1.1891699392008577,1.5399987509014847
2019-07-31,1.7548099038498786,1.4435305436943027,1.2005221325692337,1.4631559121129378
2019-08-31,1.7944571554473276,1.4964801498910427,1.1836101927427767,1.4833062580431153
2019-09-30,1.9429563595340706,1.5049937218415246,1.2748254955201082,1.5575828150451878
2019-10-31,1.93383325298361,1.4983878456842392,1.2744351796132474,1.5474932753303803
2019-11-30,2.0596674925796186,1.6490929869552529,1.22918209862021,1.6639256412827592
2019-12-31,2.003641769060279,1.5492762065379189,1.2701469857175507,1.575086056331675
2020-01-31,2.0836494504924357,1.486010659545335,1.3727325426202608,1.5865021981001866
2020-02-29,1.8608612322392193,1.2832572568417624,1.4132546435843967,1.3950048969394322
2020-03-31,2.1430162889931994,1.3771577519259255,1.524128010919496,1.5305575509715224
2020-04-30,2.2327457017906607,1.2561041948354117,1.7219165813537933,1.482225887776396
2020-05-31,2.6414126354822036,1.3089879496850927,1.964589635922318,1.6306281959079556
2020-06-30,2.886691666568969,1.3453353888125172,2.092467618541772,1.748788598578282
2020-07-31,3.091546443840678,1.4126831177952746,2.1362107914202073,1.8545094014110748
2020-08-31,3.1954010725221274,1.2877387298568057,2.3969093373645687,1.8033681863298812
2020-09-30,3.469792192490574,1.287699785661243,2.602805952873428,1.8386778674077082
2020-10-31,3.74852870628016,1.5042152313377624,2.3742564018926307,2.053101973210747
2020-11-30,4.46580459602212,1.4636406428422275,2.8926101615247046,2.1822673904948875
2020-12-31,4.724739939640318,1.4786293210960904,3.0307065754877254,2.263422809348946
2021-01-31,4.716210309450825,1.6309361272964735,2.7130560580058845,2.378437729493279
2021-02-28,4.615901869111956,1.6499716522674859,2.6236869114509087,2.375549864360648
2021-03-31,4.932648805999002,1.7040153210622755,2.7177894073098017,2.454570668661211
2021-04-30,5.244015170775493,1.748771930055183,2.817962186550054,2.550279950529396
2021-05-31,5.711276380108575,1.761109824980084,3.0491718521784024,2.593469348566096
2021-06-30,5.338858616057185,1.6352830191419945,3.068198686608161,2.4371694860730497
2021-07-31,5.739866737781129,1.6037478204419138,3.357822693109432,2.4948035810425737
2021-08-31,5.212904855934925,1.497536149257357,3.271929009245355,2.3747906326866817
2021-09-30,5.180942358332552,1.471833017067005,3.3080255715460316,2.381708292107031
2021-10-31,5.039393266079575,1.3964894860903685,3.38698536887026,2.2979554989424487
2021-11-30,5.009827677281428,1.405157975913313,3.34609010158517,2.310567431630693
2021-12-31,4.705393178154211,1.3427078173753668,3.291468710898082,2.2924519804210908
2022-01-31,4.972578925033102,1.2873156958921312,3.614154143806664,2.305641379885272
2022-02-28,4.884397408150842,1.1569324162021704,3.9161149417545844,2.1737950236630645
2022-03-31,4.786066977606072,1.1045507463898012,4.014584892588285,2.1058075003200005
2022-04-30,5.007012326338496,1.1032020480915121,4.204817284502961,2.154667832736453
2022-05-31,4.970795020024887,1.3345240408656571,3.292726559315483,2.2593772488243284
2022-06-30,4.9556254999979785,1.2243746788584136,3.5544541426631566,2.143918282878973
2022-07-31,4.925109234623944,1.2566515577275927,3.4388638865532006,2.125049367789803
2022-08-31,4.480706002197556,0.9918690693431397,3.85315283276118,1.8579930213849056
2022-09-30,3.8521982623781095,0.9120366654027346,3.6227999345421638,1.6200499113987288
2022-10-31,4.627009825446832,1.2564314608008211,2.983463498386698,2.1108437483586555
2022-11-30,4.800888581697373,1.3611479785944398,2.8469243463274005,2.2396207908764025
2022-12-31,5.298688442767055,1.5663705433248625,2.7128838353353304,2.450073656506125
2023-01-31,5.053410005030956,1.3648573585805897,2.9363151794384885,2.260329951525167
2023-02-28,5.192816283358075,1.41910786310071,2.900605073249309,2.3316945469514483
2023-03-31,5.3681861853263975,1.3194564988810247,3.202247031489753,2.322238445322446
2023-04-30,4.8505592077918696,1.1881303557773726,3.212191780280822,2.113527352754856
2023-05-31,4.81957394985323,1.259671810334523,2.9982551532983415,2.1915339233321585
2023-06-30,5.205436296357282,1.4138505078520323,2.871325759394592,2.36523935088493
2023-07-31,5.023838923950312,1.2373925260332241,3.129517024017872,2.1844433776043832
2023-08-31,5.04917772432611,1.1817282910699838,3.2860830665204843,2.1424104489608395
2023-09-30,4.850508960999216,1.1555860643880835,3.2294811808412316,2.0714235913671364
2023-10-31,5.047612284987633,1.1753462585438055,3.3054898615526866,2.0959434699099453
2023-11-30,4.910744059399209,1.169383104884306,3.2326305507623747,2.104816202259593
2023-12-31,4.585881287274457,0.9377945159670232,3.6589819125062486,1.8609388274997516
2024-01-31,5.07946222869742,1.0684048423160364,3.543199375941213,2.036391362961278
2024-02-29,4.970543294974394,1.082733052852199,3.419705240526653,2.067947722307704
2024-03-31,5.156381657973572,1.103589176969697,3.4816889620980453,2.1626256688638326
2024-04-30,5.316987728158574,1.1014933446574504,3.596745392239718,2.204118298784609
2024-05-31,5.234233229851535,1.0375861482875415,3.749443478381355,2.140836562524061
2024-06-30,4.7465136676240025,0.9959103988184964,3.5506752197614624,2.0777451059599543
2024-07-31,4.947106678561143,1.0011331942008066,3.6821101507143923,2.140457769017459
2024-08-31,5.242580049358214,1.3938506709036373,2.457637474998357,2.601476049967402
2024-09-30,5.207123388398515,1.2089024966259356,2.7671165779818514,2.443933768079624
2024-10-31,5.028020538805455,1.1882631877870333,2.719181894774274,2.3565906026249954
2024-11-30,5.230628723232129,1.2203955160906692,2.7552229951270952,2.4166173103968673
2024-12-31,5.372789981920052,1.219012378199829,2.8332287856670897,2.418734916628611
2025-01-31,6.163276133408562,1.2902931168210099,3.0844044723428485,2.6191675414138644
2025-02-28,6.407225830318872,1.3133756584977543,3.1513107399603433,2.698515060847718
2025-03-31,6.217197651031818,1.2954132240189098,3.1009468768584276,2.6530029737749357
2025-04-30,6.335485064187394,1.3623475012091402,2.9997184130924794,2.794446860809972
2025-05-31,6.782070701066397,1.4163457474368462,3.092269914185016,2.9530046899028544
2025-06-30,7.47482921862133,1.5230588136389818,3.1751478126688895,3.159196866312369
2025-07-31,8.210581017842284,1.562547300750117,3.405357111773283,3.2788626724289776
2025-08-31,8.674667653241313,1.6276819934870064,3.455885985286003,3.4398567837769356
2025-09-30,8.23505776715726,1.5583535493490976,3.4279483497083807,3.374460371256258
2025-10-31,8.002208414537028,1.5839356738853791,3.274748198167463,3.4117736048570264
2025-11-30,7.945094622797079,1.5464974883845926,3.3287780206820785,3.357129671942799
2025-12-31,9.404631524719598,1.627247390074873,3.7664730435398677,3.6506564576287333
2026-01-31,9.334293659007209,1.6423045323562686,3.7034516513854077,3.6731988223000904
2026-02-28,8.154782332958106,1.593187496494358,3.346232164912304,3.384174004783296
2026-03-31,8.852432945942132,1.671209288745974,3.4686338818613005,3.5375179199284132
2026-04-30,8.670782958821377,1.6700345887999837,3.399896390702838,3.5087573984788802
2026-05-31,7.979478161352063,1.4284757123515397,3.6206005533698473,3.166837526348058
2026-06-30,8.420886946556772,1.6543044232767579,3.248501700878965,3.5375782450862476
2026-07-31,8.62478375930277,1.5934942232427391,3.4465693318605584,3.51991979390101
2026-08-31,8.510196296326598,1.518773536330744,3.562392182228649,3.3926374354395903
