member,ticker
1 HK,1 HK Equity
101 HK,101 HK Equity
1024 HK,1024 HK Equity
1038 HK,1038 HK Equity
1044 HK,1044 HK Equity
1088 HK,1088 HK Equity
1093 HK,1093 HK Equity
1099 HK,1099 HK Equity
1109 HK,1109 HK Equity
1113 HK,1113 HK Equity
1177 HK,1177 HK Equity
12 HK,12 HK Equity
1209 HK,1209 HK Equity
1211 HK,1211 HK Equity
1299 HK,1299 HK Equity
1347 HK,1347 HK Equity
1378 HK,1378 HK Equity
1398 HK,1398 HK Equity
1519 HK,1519 HK Equity
16 HK,16 HK Equity
175 HK,175 HK Equity
1801 HK,1801 HK Equity
1810 HK,1810 HK Equity
1876 HK,1876 HK Equity
1928 HK,1928 HK Equity
1929 HK,1929 HK Equity
1997 HK,1997 HK Equity
2 HK,2 HK Equity
2015 HK,2015 HK Equity
2020 HK,2020 HK Equity
2057 HK,2057 HK Equity
2269 HK,2269 HK Equity
2313 HK,2313 HK Equity
2318 HK,2318 HK Equity
2319 HK,2319 HK Equity
2331 HK,2331 HK Equity
2338 HK,2338 HK Equity
2359 HK,2359 HK Equity
2382 HK,2382 HK Equity
2388 HK,2388 HK Equity
241 HK,241 HK Equity
2600 HK,2600 HK Equity
2618 HK,2618 HK Equity
2628 HK,2628 HK Equity
267 HK,267 HK Equity
2688 HK,2688 HK Equity
27 HK,27 HK Equity
285 HK,285 HK Equity
288 HK,288 HK Equity
2899 HK,2899 HK Equity
291 HK,291 HK Equity
3 HK,3 HK Equity
300 HK,300 HK Equity
316 HK,316 HK Equity
322 HK,322 HK Equity
3690 HK,3690 HK Equity
3692 HK,3692 HK Equity
3750 HK,3750 HK Equity
386 HK,386 HK Equity
388 HK,388 HK Equity
3968 HK,3968 HK Equity
3988 HK,3988 HK Equity
3993 HK,3993 HK Equity
5 HK,5 HK Equity
6 HK,6 HK Equity
6160 HK,6160 HK Equity
6181 HK,6181 HK Equity
66 HK,66 HK Equity
6618 HK,6618 HK Equity
669 HK,669 HK Equity
6690 HK,6690 HK Equity
6862 HK,6862 HK Equity
688 HK,688 HK Equity
700 HK,700 HK Equity
728 HK,728 HK Equity
762 HK,762 HK Equity
823 HK,823 HK Equity
836 HK,836 HK Equity
857 HK,857 HK Equity
868 HK,868 HK Equity
883 HK,883 HK Equity
939 HK,939 HK Equity
941 HK,941 HK Equity
960 HK,960 HK Equity
9618 HK,9618 HK Equity
9633 HK,9633 HK Equity
968 HK,968 HK Equity
981 HK,981 HK Equity
9888 HK,9888 HK Equity
9901 HK,9901 HK Equity
992 HK,992 HK Equity
9961 HK,9961 HK Equity
9988 HK,9988 HK Equity
9992 HK,9992 HK Equity
9999 HK,9999 HK Equity
