strategy,ann_ret,ann_vol,sharpe,t,maxdd,worst,n,skew,kurt,period,family
MOM L/S plain,0.22869907249453564,0.20492649734467436,1.1160053748924288,2.4954638815146084,-0.2821827631194076,-0.10664404646900603,60,0.5692329412293039,3.9999496724061565,IS,A
MOM L/S plain,0.028784679441791798,0.28961200025527467,0.09939049285395606,0.21470800402448287,-0.46079889166374643,-0.33534470011878864,56,-1.4629311644821281,6.894774247464635,OOS,A
MOM L/S plain,0.13218867584838345,0.24999647761726898,0.5287621534042457,1.6439883445762982,-0.4607988916637463,-0.33534470011878864,116,-1.037753050809859,7.475264582470163,FULL,A
MOM long-only,0.329161785491736,0.23374083537722487,1.4082339740102117,3.148906894111505,-0.2794758895278787,-0.13220635876338716,60,-0.04425901311796692,2.930474258416379,IS,A
MOM long-only,0.14288259203045117,0.239376285072858,0.5968953523819729,1.2894413342907844,-0.23427002589860235,-0.14138091223423685,56,0.32939866783601185,3.4590997609970535,OOS,A
MOM long-only,0.2392338989931847,0.236987721239829,1.0094780343116705,3.138594757263982,-0.3385269539610656,-0.14138091223423685,116,0.13196305305412304,3.108570212613152,FULL,A
"MOM L/S, drop short leg in bear state",0.23111377742683387,0.21265122609332884,1.086820808291047,2.4302052067000486,-0.2821827631194076,-0.10828878746801558,60,0.4266285359455611,3.5441822520512707,IS,A
"MOM L/S, drop short leg in bear state",0.11183429745420609,0.22661968265648624,0.4934888979777026,1.0660578617788472,-0.2376358210081756,-0.14221424556757017,56,0.28274284443761083,3.554800604922511,OOS,A
"MOM L/S, drop short leg in bear state",0.1735305801986688,0.21922712054310473,0.7915561713750147,2.4610481507421635,-0.2995760509919507,-0.14221424556757017,116,0.332782307159416,3.569256989342057,FULL,A
"MOM L/S, beta-hedged (12m ex-ante beta)",0.2660742003524798,0.2302647478850255,1.1555142625884467,2.311028525176893,-0.25882591843876024,-0.10956509391198248,48,0.5114722516081849,3.500055262686721,IS,A
"MOM L/S, beta-hedged (12m ex-ante beta)",-0.04577867723158577,0.3050547379810828,-0.1500670913507484,-0.32418196880282846,-0.5842830913122972,-0.3451670001448207,56,-1.4981682956500126,6.799241599363443,OOS,A
"MOM L/S, beta-hedged (12m ex-ante beta)",0.09815342011490605,0.2755348740411162,0.35622866418085164,1.0487087919255633,-0.5842830913122974,-0.3451670001448207,104,-1.073523933216449,7.081444677408731,FULL,A
"MOM long-only, beta-hedged",0.29557115971178305,0.2687832748358773,1.0996635110285893,2.199327022057178,-0.2300490455621581,-0.15062455252899348,48,0.40530836465579556,3.0626190653154093,IS,A
"MOM long-only, beta-hedged",0.11549895688032547,0.23793789031103296,0.48541641152380127,1.048619297945799,-0.2905913389842134,-0.1519525812237719,56,0.05700797214136135,3.027475059904556,OOS,A
"MOM long-only, beta-hedged",0.1986092043409982,0.2527350177474899,0.7858396755270006,2.313449364509045,-0.367515851034955,-0.1519525812237719,104,0.28353074246816307,3.1800123635164845,FULL,A
CTH (px/12m high) L/S,0.0944006113416337,0.1720949404248591,0.5485379820498055,1.2265682161039244,-0.1542875030937848,-0.08806365002305233,60,0.6787340923648795,3.5191529607633023,IS,A
CTH (px/12m high) L/S,-0.0680363662525107,0.28997777093130994,-0.23462614404545917,-0.5068504002086375,-0.5792920936958406,-0.3340929744929295,56,-1.734113017249014,7.183328426333292,OOS,A
CTH (px/12m high) L/S,0.015982760089288135,0.2365671916003096,0.06756118623706577,0.21005626443647982,-0.5792920936958403,-0.3340929744929295,116,-1.5305953920905895,8.923553495257048,FULL,A
CTH long-only,0.2070059378807082,0.21393435434573188,0.9676142876341081,2.1636513231498995,-0.22416293524206732,-0.14211865676890378,60,0.08238020010107236,3.6006339396157614,IS,A
CTH long-only,0.10591484948962407,0.2033603488055378,0.5208235042461722,1.1251073602185224,-0.23564907580488959,-0.09882030235751821,56,0.4175728389060142,4.122403498096494,OOS,A
CTH long-only,0.15820334348501236,0.20850446429911662,0.7587527874609763,2.359058285412087,-0.3305063079811812,-0.14211865676890378,116,0.24058892715302457,3.7863032721388366,FULL,A
"VALUE composite (E/P,B/P,DY) sector-neutral L/S",-0.07427393652967498,0.12841216353049123,-0.5784026566302558,-1.2716091749374878,-0.4548414686608093,-0.09788063005419431,58,-0.01856216188683915,2.5236770509094835,IS,B
"VALUE composite (E/P,B/P,DY) sector-neutral L/S",0.014883007281032777,0.14628487063680265,0.10173989433250713,0.21978329128413138,-0.30576073232520684,-0.11227350272475288,56,-0.3396849399245333,3.329395835085427,OOS,B
"VALUE composite (E/P,B/P,DY) sector-neutral L/S",-0.030477543078801003,0.13747870084194339,-0.2216891990697559,-0.6832920015262901,-0.4548414686608093,-0.11227350272475288,114,-0.16962656088255615,2.998792240153405,FULL,B
"VALUE composite (E/P,B/P,DY) sector-neutral long-only",0.13746784108361967,0.1776685220704169,0.773732113498056,1.7010379243414342,-0.18027469746250158,-0.10737458073953046,58,-0.1385121704603389,2.734199036258614,IS,B
"VALUE composite (E/P,B/P,DY) sector-neutral long-only",0.14195233901576199,0.23244091006085876,0.6107029050032344,1.3192690570301235,-0.21926576109204465,-0.12465949681128104,56,0.9746845272428137,6.100708841599811,OOS,B
"VALUE composite (E/P,B/P,DY) sector-neutral long-only",0.13967075234853174,0.2054758857583884,0.6797427923623383,2.0951079938278157,-0.21926576109204465,-0.12465949681128104,114,0.6411271233954716,5.591846731061726,FULL,B
B/P only sector-neutral L/S,-0.012541656823569041,0.13291361067055973,-0.09435946221230004,-0.21099417182702554,-0.3524239935574254,-0.06959349624218926,60,0.15621140829081542,2.3424654548017707,IS,B
B/P only sector-neutral L/S,0.03727274662979037,0.1013378373534892,0.36780680941290106,0.7945535196379103,-0.22358735000805807,-0.06577395044346929,56,0.15374834015304348,2.9489475651929324,OOS,B
B/P only sector-neutral L/S,0.011506675878052748,0.11843545530012617,0.0971556688737658,0.30206925024733194,-0.3524239935574254,-0.06959349624218926,116,0.11081639422946366,2.646486106027619,FULL,B
B/P only sector-neutral long-only,0.17489678369456285,0.1954875578824727,0.8946696433729606,2.0005421399874344,-0.24143053574971418,-0.13220611471761817,60,-0.20999625989214435,2.980445087128129,IS,B
B/P only sector-neutral long-only,0.1426197589803101,0.22221389608149528,0.6418129626241078,1.3864744625479262,-0.21382853203289964,-0.11105106158536743,56,1.3599374625974228,7.183235653914884,OOS,B
B/P only sector-neutral long-only,0.15931477176354425,0.2079520909601385,0.7661128629578563,2.3819416900850037,-0.24143053574971418,-0.13220611471761817,116,0.692180600422591,5.543860776022705,FULL,B
DIVIDEND YIELD sector-neutral L/S,-0.09897427351392675,0.13141907064085837,-0.7531195665232129,-1.684026545931079,-0.48975256644968024,-0.07412819610233728,60,0.8656651041142435,3.7168971242299165,IS,B
DIVIDEND YIELD sector-neutral L/S,0.026541379096142126,0.1826165840469263,0.14533936901000125,0.3139689212746777,-0.2649644302539039,-0.1532176430762497,56,-1.1461231997493224,4.195821398097497,OOS,B
DIVIDEND YIELD sector-neutral L/S,-0.03838051018492796,0.1585587151319319,-0.2420586604337245,-0.7525909596494201,-0.4990533564119678,-0.1532176430762497,116,-0.47278091489254176,3.962970853462557,FULL,B
DIVIDEND YIELD sector-neutral long-only,0.11648436435591548,0.19408497329310914,0.6001719884825889,1.3420253644382898,-0.20830471103404746,-0.1200626824247154,60,0.004672577604996067,2.9974159618026066,IS,B
DIVIDEND YIELD sector-neutral long-only,0.18894208640536225,0.2284119654961797,0.8271987240025847,1.7869534787715338,-0.24050731956931803,-0.11220414843791775,56,0.6123813413318434,5.1175584525462074,OOS,B
DIVIDEND YIELD sector-neutral long-only,0.1514639543108208,0.21068426347345176,0.7189144163579484,2.235195756033566,-0.29239703294207375,-0.1200626824247154,116,0.3974387311005943,4.539533918192634,FULL,B
LOW-VOL (short = high vol) L/S,-0.22215541373339293,0.15590479719569555,-1.4249427710331322,-2.8498855420662643,-0.6199695906928779,-0.10798584541008852,48,-0.0025705081245245673,2.6182658331134046,IS,B
LOW-VOL (short = high vol) L/S,-0.006285089861867529,0.2560276392297266,-0.02454848187788073,-0.05303078186336982,-0.45691840954416807,-0.2947892533370157,56,-1.9045558262712312,7.777052721552117,OOS,B
LOW-VOL (short = high vol) L/S,-0.10591754703334079,0.21695205408563248,-0.48820716392726293,-1.4372429750112348,-0.737794225203594,-0.2947892533370157,104,-1.4780283308535056,7.529495692343331,FULL,B
LOW-VOL (short = high vol) long-only,0.07210369065089679,0.1771140978197475,0.4071030569473817,0.8142061138947632,-0.31417496214142504,-0.13391505377936147,48,-0.21690084001745746,4.051350450136159,IS,B
LOW-VOL (short = high vol) long-only,0.14114142167684923,0.1847761644313383,0.7638508035450456,1.650106330015308,-0.21025524118206562,-0.08088532004775979,56,0.4685791353540757,3.463198667611654,OOS,B
LOW-VOL (short = high vol) long-only,0.10927785351102504,0.18067968633623988,0.6048153819996233,1.7805282740324664,-0.3259952631130346,-0.13391505377936147,104,0.18097711561179672,3.7884350015065995,FULL,B
"QUALITY (ROE, -lev, -accruals) sector-neutral L/S",0.15570086022781965,0.12991321044862822,1.1984990571023466,2.634881392219303,-0.19659572317609242,-0.0932702818849945,58,-0.242678328770451,3.120374832339971,IS,B
"QUALITY (ROE, -lev, -accruals) sector-neutral L/S",-0.04449524502711527,0.11181921621708235,-0.397921274468009,-0.8596081994023834,-0.28451621530524285,-0.07403688545558627,56,0.13689193561431864,2.3051467926079994,OOS,B
"QUALITY (ROE, -lev, -accruals) sector-neutral L/S",0.057358913786799005,0.12426298987447308,0.46159289942034504,1.4227248664289125,-0.32421944479807663,-0.0932702818849945,114,0.007133748481561353,2.730199129423521,FULL,B
"QUALITY (ROE, -lev, -accruals) sector-neutral long-only",0.30779127210125745,0.20435174206306325,1.5061837447232165,3.3113213554205494,-0.2690053680604769,-0.10920626640992245,58,-0.5053690233015866,2.66522862606327,IS,B
"QUALITY (ROE, -lev, -accruals) sector-neutral long-only",0.08093318904806221,0.25789189918599015,0.3138260228550012,0.6779416928452938,-0.27661973072556645,-0.13197739863396582,56,0.9454231639800247,5.532605667371471,OOS,B
"QUALITY (ROE, -lev, -accruals) sector-neutral long-only",0.19635221375933704,0.2334891687580533,0.840947846976155,2.5919753418332108,-0.30771071039538644,-0.13197739863396582,114,0.35202511619810983,4.423005927628796,FULL,B
MULTI-FACTOR (mom+value+quality+lowvol) L/S,-0.020950511491173163,0.13454834138803448,-0.15570992013013632,-0.30486289875381384,-0.22115815361150648,-0.09631821671496538,46,-0.21810889662537508,2.868621554970283,IS,B
MULTI-FACTOR (mom+value+quality+lowvol) L/S,-0.00532164307389481,0.25426017913110655,-0.020929911605036513,-0.04521377665094638,-0.41808246340345356,-0.307914121441861,56,-1.6619947967194475,7.696181798622654,OOS,B
MULTI-FACTOR (mom+value+quality+lowvol) L/S,-0.012369956281687003,0.20802736212010176,-0.05946312136835816,-0.173363300108122,-0.4180824634034531,-0.307914121441861,102,-1.6546154464466298,9.435018150990025,FULL,B
MULTI-FACTOR (mom+value+quality+lowvol) long-only,0.11892640632780521,0.17491641896764104,0.6799041909828156,1.33117763058804,-0.28466308548684127,-0.12596604040944706,46,-0.6305916807630463,2.8725533129959837,IS,B
MULTI-FACTOR (mom+value+quality+lowvol) long-only,0.12081732818464723,0.19081756377695072,0.6331562241611693,1.3677737701238466,-0.21948340591415694,-0.09669398395725412,56,0.6050974531849976,3.911214897157911,OOS,B
MULTI-FACTOR (mom+value+quality+lowvol) long-only,0.11996455950411061,0.1829202142716172,0.6558299747340987,1.912056516936069,-0.2863844759793035,-0.12596604040944706,102,0.12874227159601653,3.5625508812927023,FULL,B
PEAD (SUE) L/S,-0.02356006184360871,0.20221082755641545,-0.11651236547674784,-0.15041681703955875,-0.136181317318389,-0.12346787959867452,20,-0.38882282488059666,2.1828489603334424,IS,C
PEAD (SUE) L/S,-0.1280575516971804,0.12290038939018236,-1.0419621315488687,-1.9259865097064834,-0.3618551547111476,-0.09314337061322042,41,0.25009995757431513,2.5491768283469116,OOS,C
PEAD (SUE) L/S,-0.09379607961404215,0.15238699991510088,-0.6155123446639058,-1.3877494440175784,-0.4735166166458168,-0.12346787959867452,61,-0.05573930193391224,2.6800297105083213,FULL,C
PEAD (SUE) long-only,0.3074017763391469,0.21103895126875408,1.4566115614727284,1.8804774398256858,-0.1854121245239454,-0.07011277619260367,20,0.2243247785615299,1.8999932478091797,IS,C
PEAD (SUE) long-only,-0.01778831459816768,0.2683593964514958,-0.06628541736708966,-0.12252347352538212,-0.30530164984048214,-0.13669089553894997,41,1.1820631235652614,5.328285025312976,OOS,C
PEAD (SUE) long-only,0.08883138734849286,0.25315816886458764,0.35089283410012373,0.7911317127166538,-0.4680735083744946,-0.13669089553894997,61,0.8696834007044619,4.46414290804457,FULL,C
