ticker,ann,sue,ann_ret_0_1,car_2_60,q
1 HK Equity,2019-08-01,0.5838218225179886,0.007848768221258906,0.01718634559631438,3
1 HK Equity,2020-03-19,0.7536924707244609,-0.02902512619284614,0.014179088647738647,3
1 HK Equity,2020-08-06,-5.0,-0.005545027941964542,0.025894480183139335,0
1 HK Equity,2021-03-18,-1.9594978869914206,-0.02591261788410537,0.021138713466216874,0
1 HK Equity,2021-08-05,1.547626028393718,0.03597355626126442,-0.05535296751627328,4
1 HK Equity,2022-03-17,-0.1884758701548387,0.016521065562195014,-0.04100968186876708,1
1 HK Equity,2022-08-04,0.21942965945292073,0.0025328201581338305,-0.00021811314356035005,2
1 HK Equity,2023-03-16,0.5736834352376993,-0.00400492786422213,0.02602443431198731,3
1 HK Equity,2023-08-03,-1.8543361517391614,-0.0607703019906064,0.04740493373428645,0
1 HK Equity,2024-03-21,-1.0794489565979315,-0.011147793440811182,-0.11724964670583993,0
1 HK Equity,2024-08-15,-0.2116248931103228,-0.06571638913859157,-0.09206248296384434,1
1 HK Equity,2025-03-20,-1.4019112928106714,-0.012012684086325498,0.1411330172287374,0
1 HK Equity,2025-08-14,-2.316022643168333,-0.0009474081552122149,0.023141571047379905,0
1 HK Equity,2026-03-19,0.9433426819080893,0.018085384820978545,0.22262665220412947,3
101 HK Equity,2019-07-30,-1.2709013379677543,0.014926674329358125,-0.04096622654633697,0
101 HK Equity,2020-01-21,-0.6765234270512896,-0.03241083079277107,0.06464650579331355,0
101 HK Equity,2020-07-30,-5.0,0.0032043875446158276,-0.011286083846409833,0
101 HK Equity,2021-01-28,-1.0502518313556473,0.0041683490349178065,0.00854017552292996,0
101 HK Equity,2021-07-29,2.0131926544998575,0.038774487066786545,-0.04774450359717386,4
101 HK Equity,2022-01-26,0.47564128529300354,0.024120129560378012,0.0608064590060069,3
101 HK Equity,2022-07-28,-0.08533882018899591,0.022079289799550095,0.052431525694754955,1
101 HK Equity,2023-01-31,0.06910316774457992,-0.025799345585897804,0.028369004631387473,2
101 HK Equity,2023-07-31,0.12167739647246699,-0.06152921415033774,0.06154429291400054,2
101 HK Equity,2024-01-30,-0.1266937635254273,-0.044128912595934766,-0.1857014341631109,1
101 HK Equity,2024-07-30,-0.6939508076158127,-0.10632522963519642,-0.01352298736078783,0
101 HK Equity,2025-01-24,-0.5400138869618673,-0.00885674924181834,-0.0752363635866411,1
101 HK Equity,2025-07-30,-0.28237540078251255,0.07202768390546732,0.05087825883375574,1
101 HK Equity,2026-01-30,-0.3674357313252219,0.03087535134115993,0.04371730036373711,1
1024 HK Equity,2024-08-20,0.24618009117160056,-0.08485959824763556,0.15931983823826212,2
1024 HK Equity,2025-03-25,0.05464721151502997,-0.03411984591739736,0.028510086568830362,2
1024 HK Equity,2025-08-21,0.036721928367842285,0.03484229959780838,-0.16625974778019936,2
1024 HK Equity,2026-03-25,0.5794999795143929,-0.12808581257337148,-0.015625380523835775,3
1038 HK Equity,2019-07-31,0.0,-0.014556860257956328,-0.027098931492190448,1
1038 HK Equity,2020-03-18,0.2741081409163623,-0.10216058808062856,0.0214271727873816,2
1038 HK Equity,2020-08-05,-5.0,-0.032243893355181075,-0.02702368947107381,0
1038 HK Equity,2021-03-17,-0.07751770869916617,2.8214674314019916e-05,0.10146722707937994,1
1038 HK Equity,2021-08-04,0.11867773215428642,0.008089010779173123,0.033437454098849795,2
1038 HK Equity,2022-03-16,0.03500458347352899,-0.14876585962319955,-0.012201135867167534,2
1038 HK Equity,2022-08-03,1.0909686770562472,-0.022572057811939272,0.04890312495124283,3
1038 HK Equity,2023-03-15,-0.7848996374806397,-0.01597335737782901,-0.018551787169150513,0
1038 HK Equity,2023-08-02,-0.11633869148733625,0.007755853322353956,0.03576832532503804,1
1038 HK Equity,2024-03-20,0.5492558498464603,-0.0201833330510095,-0.10289690461346457,3
1038 HK Equity,2024-08-14,0.09091523269514344,0.008186340099049061,-0.2150429626029886,2
1038 HK Equity,2025-03-19,0.01939733404631927,-0.04898379884846471,0.16081557534529423,2
1038 HK Equity,2025-08-13,0.06058248753400498,-0.039205198103439476,-0.04226792729238982,2
1038 HK Equity,2026-03-18,0.20576056015605368,0.04151992607875765,-0.02278001318169498,2
1044 HK Equity,2019-08-22,-0.3121820156914364,-0.08121368372488202,-0.027732361855219656,1
1044 HK Equity,2020-03-26,1.5905805033044749,-0.05288458055985956,0.0815023374376429,4
1044 HK Equity,2020-08-19,2.8939424453352953,-0.047713593838620394,-0.16493888039991245,4
1044 HK Equity,2021-03-19,1.7338143663419867,-0.023745184982134404,0.05311053255928566,4
1044 HK Equity,2021-08-18,-2.050717354567491,-0.06814920135844627,-0.048599167557790035,0
1044 HK Equity,2022-03-22,-3.1096514077926956,-0.10393714130986276,0.07105596068297704,0
1044 HK Equity,2022-08-19,-1.1531691210261243,0.02933361878456775,-0.01675792495357309,0
1044 HK Equity,2023-03-22,-1.4641869677714483,-0.017051725888712843,-0.0030509957541910993,0
1044 HK Equity,2023-08-24,-0.09364070110123496,0.016379444138930888,0.021450599331317877,1
1044 HK Equity,2024-03-21,2.094103909459333,-0.032302428760688784,-0.09825450010588443,4
1044 HK Equity,2024-08-19,0.3142908057487659,-0.040920436415211814,-0.14555510796004412,2
1044 HK Equity,2025-03-25,-0.97992167403044,0.019907471916917552,-0.007008428915918241,0
1044 HK Equity,2025-08-21,-0.050030681065385656,0.004651860362698601,0.15329402494869138,1
1044 HK Equity,2026-03-17,0.45120279195238167,-0.01900048391646325,-0.02867629596736132,2
1088 HK Equity,2019-08-23,-0.040739921008623885,-0.0040582360940880635,-0.04441415226971457,1
1088 HK Equity,2020-03-27,-0.09554517070742466,0.07144260033803806,-0.13202172708576643,1
1088 HK Equity,2020-08-28,-0.5944985862870618,0.031098442703323737,0.1188137693129474,1
1088 HK Equity,2021-03-28,-0.12483065649255638,0.09082077020616675,0.05945211995170263,1
1088 HK Equity,2021-08-27,3.9978926900871796,0.022719419119126893,0.06812687615083435,4
1088 HK Equity,2022-03-25,1.8810214218602381,0.0915346019143447,0.04198205467280958,4
1088 HK Equity,2022-08-26,4.125424520129356,-0.010521261959581252,0.011324578236654226,4
1088 HK Equity,2023-03-24,0.9467387528075143,-0.038102620948546884,0.1045305653563271,3
1088 HK Equity,2023-08-25,-1.222018074585172,0.017948165393429694,0.15125118597666098,0
1088 HK Equity,2024-03-22,-0.5215971551784522,0.018211014388988866,0.19799983830113366,1
1088 HK Equity,2024-08-30,-0.2345723067310921,-0.01961999197573361,-0.12945719135611655,1
1088 HK Equity,2025-03-21,0.21080377421018465,0.03351208688756546,0.08335804280116621,2
1088 HK Equity,2025-08-29,-0.10625629357150806,0.009446062663051702,0.14211406176653174,1
1088 HK Equity,2026-03-30,0.00406816217731935,-0.0285798054046551,-0.045650928404454616,2
1093 HK Equity,2019-08-19,5.0,0.1382514100773431,0.46178693876574517,4
1093 HK Equity,2020-03-30,-5.0,-0.04944741918302653,0.11065983580268757,0
1093 HK Equity,2020-08-26,0.8653625283118085,0.07727707817732954,-0.3217350740452696,3
1093 HK Equity,2021-03-15,2.725925116428544,0.033075848776487726,0.2731430772404051,4
1093 HK Equity,2021-08-26,1.0029430778268373,-0.06823171917717519,-0.11106944520102502,3
1093 HK Equity,2022-03-22,0.6181255498493277,-0.01828801925085477,-0.12049472949923645,3
1093 HK Equity,2022-08-24,-0.11404042814844184,-0.033918647742049446,0.4014383090955671,1
1093 HK Equity,2023-03-22,0.7455774218138546,-0.09145916517272024,-0.06893869181096535,3
1093 HK Equity,2023-08-23,0.014562121688887555,0.0028955194965429865,0.23648291225043472,2
1093 HK Equity,2024-03-20,-0.37033925826467146,-0.009382739018337638,-0.07151482896391081,1
1093 HK Equity,2024-08-21,0.16809688534605077,-0.20017169958872127,-0.015166675784304529,2
1093 HK Equity,2025-03-28,-4.982314199609488,0.023504843533188713,0.5369566906069476,0
1093 HK Equity,2025-08-22,-0.5258737234328345,0.005481704768440565,-0.27734114671258214,1
1093 HK Equity,2026-03-25,0.07341613404755017,-0.01216361052481807,-0.07417092685641125,2
1099 HK Equity,2019-08-26,0.6734262633966586,-0.016153212063066302,-0.08612992148466292,3
1099 HK Equity,2020-03-30,1.0367251803099116,-0.023129479572587153,0.14242297266382775,3
1099 HK Equity,2020-08-24,-1.0099761331271981,-0.015882774943665412,-0.056640586842638396,0
1099 HK Equity,2021-03-22,3.0716650098852187,0.049845242378367405,0.25364314466046023,4
1099 HK Equity,2021-08-22,-2.7730080481712136,-0.07632473694095487,-0.042039604874359426,0
1099 HK Equity,2022-03-20,-0.17633449465770235,-0.01669508850878909,0.09655771397782498,1
1099 HK Equity,2022-08-29,2.9068305960085317,0.004112521186411033,0.10558816037024565,4
1099 HK Equity,2023-03-27,0.6397502532863338,0.030709672850301906,0.08951430761174506,3
1099 HK Equity,2023-08-28,0.42067293449056664,0.020957816733193635,-0.10191171805928889,2
1099 HK Equity,2024-03-25,0.1106738582843082,-0.04063052072248441,0.006171175648465477,2
1099 HK Equity,2024-08-26,-0.4107937253062079,-0.05906903936994401,0.08980469102481536,1
1099 HK Equity,2025-03-24,-1.972005710295849,-0.03805467187543732,0.02956255992917667,0
1099 HK Equity,2025-08-25,-0.215165558571546,-0.01296068079870405,0.043872127132452476,1
1099 HK Equity,2026-03-23,0.4292216395545833,-0.048114004360686136,-0.0923758171293414,2
1109 HK Equity,2019-08-20,1.1818762821991662,0.03546274724395215,0.006942413260304869,3
1109 HK Equity,2020-03-26,0.17362989090333444,-0.027919798707854104,-0.0407503495761834,2
1109 HK Equity,2020-08-26,-0.6272953723882905,0.06619042557957,-0.11357596021123562,0
1109 HK Equity,2021-03-30,0.6837089195772466,-0.07863359823997074,-0.14798360133971145,3
1109 HK Equity,2021-08-25,0.7444509461905032,0.0213249355120384,0.3237100836177642,3
1109 HK Equity,2022-03-30,0.5183000087933357,0.03083558156555255,0.049584588055401335,3
1109 HK Equity,2022-08-30,-1.315110765357324,0.012840685343416647,0.18804193764204935,0
1109 HK Equity,2023-03-29,-0.9586020186948827,0.011754756487184048,0.013524395178387105,0
1109 HK Equity,2023-08-30,1.564641989888544,0.002507471674589312,-0.06676018290347951,4
1109 HK Equity,2024-03-26,0.06188640458780925,0.017268310594142355,0.052701848938793816,2
1109 HK Equity,2024-08-28,-1.6643401397965123,-0.03135775645710448,0.003978641714179387,0
1109 HK Equity,2025-03-26,-0.9323396373286948,0.0017201281100491794,0.08140780581290352,0
1109 HK Equity,2025-08-27,0.7050938886736993,0.0006755660244719408,-0.02244285407705915,3
1109 HK Equity,2026-03-30,-0.6914222928455385,0.033087057000893094,0.1880889689104227,0
1113 HK Equity,2019-08-01,-2.3462345061878263,-0.022996614069697885,-0.008532812308613691,0
1113 HK Equity,2020-03-19,-0.17900870671034422,0.02811970886906079,0.1839605393342263,1
1113 HK Equity,2020-08-06,-1.2696298656214993,-0.05715782700682337,-0.11707447761012024,0
1113 HK Equity,2021-03-18,-0.4637224486547344,0.10061800658104691,0.08657219249570214,1
1113 HK Equity,2021-08-05,0.27356226131496575,-0.009379606761960035,-0.03590453805833671,2
1113 HK Equity,2022-03-17,0.5453787839469064,0.007689152806908961,0.040832083953610154,3
1113 HK Equity,2022-08-04,0.922596631273384,-0.014604888839923502,0.05071409270312088,3
1113 HK Equity,2023-03-16,-0.8348384295792287,-0.04413125890703151,-0.047058949645236936,0
1113 HK Equity,2023-08-03,-0.48163117169766523,-0.017134205859295037,0.0436176442048154,1
1113 HK Equity,2024-03-21,-0.44437090928569295,-0.07976560948760425,-0.15116161159367136,1
1113 HK Equity,2024-08-15,-0.47196849098161164,-0.037625193476570784,-0.08745907979742085,1
1113 HK Equity,2025-03-20,-0.5772306113644735,-0.032157084994755225,0.09077491900957957,1
1113 HK Equity,2025-08-14,-0.7697811435866266,-0.002397041234519226,0.054722989882744155,0
1113 HK Equity,2026-03-19,-0.5771539005299686,-0.018403019125282638,0.06790744785477443,1
1177 HK Equity,2019-08-28,0.014939796717876977,0.05847416210479084,-0.1016815793492728,2
1177 HK Equity,2020-03-30,-2.4206276915485696,-0.04277306837629036,0.39785568006019045,0
1177 HK Equity,2020-08-28,-0.047819251549453226,-0.012457476487996999,-0.2181952129991248,1
1177 HK Equity,2021-03-23,0.1602709582848566,-0.029899328382434476,-0.07364086715829188,2
1177 HK Equity,2021-08-31,1.7050362912418202,0.037616525947317125,-0.05141021775465493,4
1177 HK Equity,2022-02-10,0.8859141081694313,-0.019030810474978677,-0.08814431588666727,3
1177 HK Equity,2022-08-23,-1.3585734540488323,-0.013717359194846512,0.19707057654723337,0
1177 HK Equity,2023-03-31,-0.9623741462626638,-0.04610034226834414,-0.08521213858062837,0
1177 HK Equity,2023-08-25,-0.12187357914527414,0.0011338073848312646,0.3018307589044149,1
1177 HK Equity,2024-03-28,0.08471197084012506,-0.04606597007173441,-0.13037128902728412,2
1177 HK Equity,2024-08-13,0.3325871936015689,0.023522115326365833,-0.03310295678744857,2
1177 HK Equity,2025-03-20,-0.13726183764980707,0.03271552955580037,0.40323124420225953,1
1177 HK Equity,2025-08-18,0.13503595811140828,-0.0492075608136151,-0.05829300061302689,2
1177 HK Equity,2026-03-26,-0.6281136755852927,0.008534625757658398,-0.15194840912420127,0
12 HK Equity,2019-08-21,-4.8641478152855235,-0.02774598741489398,-0.012921860449986333,0
12 HK Equity,2020-03-23,-1.4419893358446387,-0.04047036694765549,0.02286405381102119,0
12 HK Equity,2020-08-20,-0.9268366127676212,0.015807810454614546,-0.009476958600947327,0
12 HK Equity,2021-03-23,-0.4458142591613791,-0.001497965458501116,0.14107909028294263,1
12 HK Equity,2021-08-23,0.8947482881019352,-0.03534043844357182,0.01431131305835509,3
12 HK Equity,2022-03-22,-0.16679195341160213,-0.0632032266941448,-0.0504546440971243,1
12 HK Equity,2022-08-23,-0.41702892614095505,-0.03980750201844441,-0.029496539526599808,1
12 HK Equity,2023-03-21,-0.6184184298473961,-0.031089364555324517,-0.041081298928449805,0
12 HK Equity,2023-08-22,0.42143446931264494,0.004176258711212633,0.08040414428055032,2
12 HK Equity,2024-03-21,-0.49571282080961293,0.07307855915058592,-0.128056083193117,1
12 HK Equity,2024-08-21,-1.2491753824430347,-0.011976841450581754,0.053368763858066215,0
12 HK Equity,2025-03-20,-0.13194648712333412,0.017777741441016626,0.26766790551416386,1
12 HK Equity,2025-08-20,-0.20236768995206836,0.008829029811742162,0.07931696986808712,1
12 HK Equity,2026-03-23,-0.26250193365441377,-0.0063115065825475325,-0.08751864022105427,1
1209 HK Equity,2024-08-28,5.0,0.06274379571381938,0.17597666281607105,4
1209 HK Equity,2025-03-26,1.7383061382917917,0.10552529609978611,0.11987577745870137,4
1209 HK Equity,2025-08-27,1.2489698379018253,-0.08078189318288698,0.17730201644633148,4
1209 HK Equity,2026-03-30,1.7783490864850644,0.06648885144693162,-0.10326990937716884,4
1211 HK Equity,2019-08-21,1.9341586999906002,-0.06648257107977462,-0.08251331128004757,4
1211 HK Equity,2020-03-31,-2.5401217854586933,-0.011669797840944796,0.4871071402273124,0
1211 HK Equity,2020-08-28,0.1792360532538262,-0.009933477873770635,1.3590156881559394,2
1211 HK Equity,2021-03-29,2.2152513277677186,-0.04578943360663079,0.3750906298748151,4
1211 HK Equity,2021-08-27,-0.2507236549761169,0.01462187487969846,0.21244842170654132,1
1211 HK Equity,2022-03-29,-0.46793809803537045,0.03343358190408985,0.42032480381687065,1
1211 HK Equity,2022-08-29,1.4370258974719292,0.0034043703705306516,-0.2111577837650258,4
1211 HK Equity,2023-03-28,5.0,0.016160412152625314,0.2044991803131334,4
1211 HK Equity,2023-08-28,1.6515455848764762,0.03412083574632452,-0.01371950804454336,4
1211 HK Equity,2024-03-26,1.291873042849153,-0.03396181509900853,0.07394800023679782,4
1211 HK Equity,2024-08-28,0.5622060068941367,-0.00634511695113904,0.035814166506110245,3
1211 HK Equity,2025-03-24,1.7834067421252753,0.008454093598926016,-0.021370045231468238,4
1211 HK Equity,2025-08-29,0.3960867112070159,-0.05688473002066663,-0.11798881154172869,2
1211 HK Equity,2026-03-27,-2.8855016208746456,0.03443527246865019,-0.2363350744885031,0
1299 HK Equity,2019-08-23,1.3357840150327382,0.004304740215209879,-0.012316028774445487,4
1299 HK Equity,2020-03-12,0.6410494584287112,0.007233113469901853,0.02755188611679893,3
1299 HK Equity,2020-08-20,-0.9843077109213111,0.008606083402981857,0.13072630254301543,0
1299 HK Equity,2021-03-12,0.7950128261805629,0.00497206856629584,-0.03486813792502286,3
1299 HK Equity,2021-08-17,0.5526177667521404,0.04924284778006505,-0.11046641012583858,3
1299 HK Equity,2022-03-10,0.3269675800424284,0.08324079695001063,0.01330569689980532,2
1299 HK Equity,2022-08-24,-1.2809178020463459,0.011470160820745257,0.07978761098777243,0
1299 HK Equity,2023-03-10,-1.6248890408217502,-0.0007508505607458638,-0.0055504674781077235,0
1299 HK Equity,2023-08-24,0.4780874823726275,-0.039067843593707074,0.09520264792251698,3
1299 HK Equity,2024-03-14,-0.14175552494169152,-0.038227552803504095,-0.14489591257736367,1
1299 HK Equity,2024-08-22,0.8645358152274394,0.04759356064047626,-0.0612155738920539,3
1299 HK Equity,2025-03-14,1.5857077104498762,-0.0386623353809179,0.1316169448958665,4
1299 HK Equity,2025-08-21,-0.385559768109301,-0.02375203560320782,0.05792768551659244,1
1299 HK Equity,2026-03-19,0.22695524245672807,0.046481401832204505,-0.062301438180224156,2
1347 HK Equity,2019-08-06,-3.69404056572874,-0.05343323219459151,0.10271062991061974,0
1347 HK Equity,2020-02-13,-3.633693847440486,-0.10731978544597975,0.0035325292279000386,0
1347 HK Equity,2020-08-11,-2.2734816353030927,-0.17257956055107493,0.1236475089177016,0
1347 HK Equity,2021-02-09,-0.34741219919871613,0.1941877896766706,-0.1130429008194006,1
1347 HK Equity,2021-08-12,1.3079647393758125,-0.10398530595289879,0.07551339931572598,4
1347 HK Equity,2022-01-28,3.53655381538557,-0.018111757660364436,-0.0821324237817097,4
1347 HK Equity,2022-08-11,1.701192613822182,0.008852733364839604,0.030472055810597976,4
1347 HK Equity,2023-02-14,1.0214058615138044,0.05073774214884541,-0.11377292511889636,3
1347 HK Equity,2023-08-10,0.5981958420875496,-0.08679740445590844,0.05074693921193796,3
1347 HK Equity,2024-02-06,-4.450325597177863,-0.06629832676118408,0.076731738924108,0
1347 HK Equity,2024-08-08,-1.5673923419364006,-0.08159124969773057,0.057164888202921205,0
1347 HK Equity,2025-02-13,-0.15268337094078843,-0.11056589153321161,0.13368463640092498,1
1347 HK Equity,2025-08-07,-0.13617810098311905,0.00940621818244769,0.6260205455964889,1
1347 HK Equity,2026-02-12,0.13595528091447995,0.017104493355466266,0.2097167776733213,2
1378 HK Equity,2019-08-23,0.6578216648440072,0.0028197331683410543,-0.21887396991914088,3
1378 HK Equity,2020-03-20,0.06310991796783899,0.04590236006802473,0.17762750497293145,2
1378 HK Equity,2020-08-21,0.3710733548473982,-0.0285406726859605,0.42526427397628863,2
1378 HK Equity,2021-03-05,5.0,-0.04530143621224403,0.09384358296270756,4
1378 HK Equity,2021-08-20,2.969439276096141,0.0006707403571135639,-0.2414418628000531,4
1378 HK Equity,2022-03-18,-0.07295730460149975,0.05575181531968154,-0.04428516117237069,1
1378 HK Equity,2022-08-26,-0.2049784640061776,-0.05777524370075349,0.00044746805178108584,1
1378 HK Equity,2023-03-24,-2.8278700359901925,-0.0556360833168823,-0.1065772500888631,0
1378 HK Equity,2023-08-18,-1.2335357606366748,0.04954838020822283,-0.006724100083154494,0
1378 HK Equity,2024-03-22,1.5801720197757962,0.12285208864094199,0.4090732669193926,4
1378 HK Equity,2024-08-16,1.111235305690997,-0.0011554677412484171,0.0835111242094384,3
1378 HK Equity,2025-03-14,0.6714947396649477,-0.007449847391429509,0.11708017604492993,3
1378 HK Equity,2025-08-15,0.5092244932022301,0.051846994725494366,0.42639516091732355,3
1378 HK Equity,2026-03-20,-0.4709111815803648,-0.04470824228431036,-0.22308863126193568,1
1398 HK Equity,2019-08-29,4.538135203896563,0.008115324405785218,0.11731399511297846,4
1398 HK Equity,2020-03-27,4.226371942013177,0.011470171694588527,-0.08462301477287448,4
1398 HK Equity,2020-08-30,-5.0,-0.032998961588580844,0.09569349610872524,0
1398 HK Equity,2021-03-26,1.8786874379349008,0.027210443311803223,-0.13655278210112676,4
1398 HK Equity,2021-08-27,1.1925844291429082,-0.0002494602647269417,0.022611123470027028,3
1398 HK Equity,2022-03-30,1.3441616142202202,0.015885113968862496,-0.018680178268322134,4
1398 HK Equity,2022-08-30,0.26602905562547746,0.0009647098432864487,0.08179813194712726,2
1398 HK Equity,2023-03-30,0.18473157562346942,-0.035864355470481946,0.06783513158066579,2
1398 HK Equity,2023-08-30,0.26138998748356584,0.008220727116245552,0.1089147932248844,2
1398 HK Equity,2024-03-27,0.15775232889253282,-0.010390780654191412,0.10656366317136734,2
1398 HK Equity,2024-08-30,-0.5257459333960696,-0.04876590940766257,-0.054393301557420726,1
1398 HK Equity,2025-03-28,0.7523466919973992,0.019475969939097726,0.0815475859185828,3
1398 HK Equity,2025-08-29,-1.1651561792628433,-0.03510738713744854,0.11977452515359155,0
1398 HK Equity,2026-03-27,2.245698826799441,0.03172947630182532,0.0562539650687357,4
16 HK Equity,2019-02-27,0.7094480054505908,-0.008825572480916088,0.06033072249199989,3
16 HK Equity,2019-09-12,-0.5160003805116672,-0.012227505432733432,0.03215725326016283,1
16 HK Equity,2020-02-27,-1.7840298374156704,0.015834905125145404,-0.048025149416963675,0
16 HK Equity,2020-09-10,-0.16379146506348613,-0.00040887143690726546,0.00500723051225882,1
16 HK Equity,2021-02-25,0.5965285069578887,0.05458681012017741,-0.023295186777971377,3
16 HK Equity,2021-09-09,0.1689195818892861,0.0236733521031246,-0.020202284666056114,2
16 HK Equity,2022-02-24,-0.31932924675753777,0.009934137817705357,0.15145138927941582,1
16 HK Equity,2022-09-08,-0.9249573981958303,0.00360658224260213,0.03822360887992193,0
16 HK Equity,2023-02-23,0.6877301571853005,-0.011013355339471675,0.013249287040782987,3
16 HK Equity,2023-09-07,0.1601867342646925,-0.08403296485360112,0.09439770377753964,2
16 HK Equity,2024-02-28,-1.2130233920057922,0.035348850153108735,-0.1376832736169492,0
16 HK Equity,2024-09-05,-0.3551450871259241,0.05965303692961843,-0.09781750862645655,1
16 HK Equity,2025-02-27,0.4260398266702738,0.0114663512613713,0.15663167960662294,2
16 HK Equity,2025-09-04,0.5983521170641373,-0.0024020058335683103,0.09056370349039145,3
16 HK Equity,2026-02-26,-0.15379752934998817,0.07543569653198678,-0.037108557182902846,1
175 HK Equity,2019-08-21,-1.7435676741127686,0.07720614894256783,0.2753815101076813,0
175 HK Equity,2020-03-30,-0.7304475033853498,-0.03231778012750519,0.054321510703075004,0
175 HK Equity,2020-08-17,-0.7252040705563407,-0.05164744697948587,0.2664283109319461,0
175 HK Equity,2021-03-23,-0.5397921512730128,-0.14249289809970733,0.3079230425171562,1
175 HK Equity,2021-08-18,-0.05804668618729966,0.06355660464627744,-0.013183190454540528,1
175 HK Equity,2022-03-23,-0.6688935602522181,0.022836767109279066,0.5157980904782278,0
175 HK Equity,2022-08-18,-0.8584407042841029,0.010987485272290431,-0.27215189389956507,0
175 HK Equity,2023-03-21,1.5818729664666276,0.03557071839944537,0.022561213100966704,4
175 HK Equity,2023-08-22,0.007304807563578079,-0.01693687569250424,0.03336696253777993,2
175 HK Equity,2024-03-20,0.026638695921375244,0.027146280340780038,-0.08652099377383216,2
175 HK Equity,2024-08-21,5.0,0.00781858390681145,0.5500978485462569,4
175 HK Equity,2025-03-20,0.5901925991841034,0.00028041097484310384,-0.034608287096158596,3
175 HK Equity,2025-08-14,-0.3968339576195616,0.010300540079332343,-0.14701728622565535,1
175 HK Equity,2026-03-18,0.4085947667329581,-0.012330409376562268,0.1019042742137839,2
1801 HK Equity,2022-03-29,-0.10990231522229675,0.12083980416343176,0.1572662861128592,1
1801 HK Equity,2022-08-25,0.00535991977530322,0.0472686439295642,-0.0186036214090608,2
1801 HK Equity,2023-03-28,0.05437918335123459,-0.06924862486045258,-0.16363318035577956,2
1801 HK Equity,2023-08-23,1.0830737185918213,0.09587502734665643,0.251330800452075,3
1801 HK Equity,2024-03-20,0.44193883607452045,-0.0382245701644115,-0.10323139664886061,2
1801 HK Equity,2024-08-28,-0.2858058232178731,-0.013115942151520454,-0.19754877996639864,1
1801 HK Equity,2025-03-26,1.4347615450241118,0.16108921180568103,0.6826216770997675,4
1801 HK Equity,2025-08-27,2.278127094613612,-0.03265247744845545,-0.0010818564690306953,4
1801 HK Equity,2026-03-26,-0.5669695868990733,0.05089500974577177,0.013413820793608533,1
1810 HK Equity,2020-08-26,0.03655474658881422,0.18630237958673668,0.16989805712868766,2
1810 HK Equity,2021-03-24,0.2206192356341234,-0.04724980654389277,0.11330747385156759,2
1810 HK Equity,2021-08-25,0.2457851212292658,-0.019547325232742496,-0.1835400477836806,2
1810 HK Equity,2022-03-22,-0.3793997705578449,0.060680855134310985,-0.1591861740185163,1
1810 HK Equity,2022-08-19,-1.586274768232631,-0.025517468378150387,0.007417169317777805,0
1810 HK Equity,2023-03-24,-0.15947553498057931,0.006034564763448547,-0.09522519861397383,1
1810 HK Equity,2023-08-29,0.7180966227952877,0.0018903155454292886,0.30665434580438633,3
1810 HK Equity,2024-03-19,0.7444009433763042,-0.017857147998918688,0.1689029632847825,3
1810 HK Equity,2024-08-21,0.11904329503367256,0.07289743955984473,0.34896784946775883,2
1810 HK Equity,2025-03-18,0.5098340841061213,0.017102480487515948,-0.03279147563160101,3
1810 HK Equity,2025-08-19,1.5316410891394285,-0.008991736096927605,-0.2499346184485175,4
1810 HK Equity,2026-03-24,0.7000980391383568,-0.024757046665011995,-0.2251047207454031,3
1876 HK Equity,2022-07-27,0.34865243182871186,0.0328840215373738,-0.036534186488239695,2
1876 HK Equity,2023-03-02,-0.5092982249070853,-0.05310911039059962,-0.06335032806115792,1
1876 HK Equity,2023-08-02,-0.17485460559475974,-0.0336736685852187,-0.025735787680843836,1
1876 HK Equity,2024-02-29,-0.06430118913405815,-0.0517765873308913,-0.29562373603014036,1
1876 HK Equity,2024-08-01,-0.19869407638163752,0.03881782692730229,-0.3594727912853547,1
1876 HK Equity,2025-02-26,-0.8604743715498151,0.10674760561841734,0.005902613099233678,0
1876 HK Equity,2025-07-31,-1.4036418412375344,-0.05103612122088119,-0.0366647512615379,0
1876 HK Equity,2026-02-12,-1.7924172926093718,-0.013072365447225676,-0.023977044396862213,0
1928 HK Equity,2019-07-25,0.5965941560946922,-0.025171748518259207,0.011005296526671815,3
1928 HK Equity,2020-02-21,0.5199160890763185,-0.015373694581362618,-0.09509627451356328,3
1928 HK Equity,2020-08-14,-5.0,-0.0015653774601562809,-0.02888764988071424,0
1928 HK Equity,2021-02-19,-2.2353048415974053,0.0048307454918508075,0.004208255824106111,0
1928 HK Equity,2021-08-13,0.3418761961939292,-0.02194528492206771,-0.24469038882248373,2
1928 HK Equity,2022-02-18,0.14284340021870978,0.010503761291207447,-0.20674485340308213,2
1928 HK Equity,2022-07-21,-0.376889554696181,0.03402577024773601,0.08520648170470824,1
1928 HK Equity,2023-02-17,-0.1603791284879093,-0.038240589919492085,0.0220126208896384,1
1928 HK Equity,2023-07-20,0.9907111450712868,-0.026013751509684102,-0.17961531134304565,3
1928 HK Equity,2024-02-16,1.4638030998750369,-0.0025228471401019803,-0.31290377215862186,4
1928 HK Equity,2024-07-25,0.5592022140539874,-0.02581803061744581,0.10214777218289228,3
1928 HK Equity,2025-02-21,-0.01975719778608232,-0.0007334205917055581,-0.1479270588970465,1
1928 HK Equity,2025-08-15,-0.19228002701723795,-0.00909292396889172,0.005028758232518582,1
1928 HK Equity,2026-01-29,-0.033890169887166276,-0.08029293027024864,-0.010825699897113683,1
1929 HK Equity,2019-06-29,1.8584277656933446,-0.012090032969843345,-0.06400118004535882,4
1929 HK Equity,2019-12-29,-2.6201533362964384,0.014847976622961223,-0.08543647809589139,0
1929 HK Equity,2019-07-16,-3.5623178874519055,-0.015307930789208557,-0.08589048120007625,0
1929 HK Equity,2020-01-10,0.9976163052721282,0.04626002566972498,-0.16320630949671933,3
1929 HK Equity,2021-06-29,3.337323212996151,0.03458281727346635,0.033297244576845464,4
1929 HK Equity,2021-01-11,1.0895745847186797,0.016781511925432646,0.2665340353505843,3
1929 HK Equity,2022-06-29,-0.5085718782517059,0.019555853010517876,0.24954981340891713,1
1929 HK Equity,2022-12-29,-0.17259498552434901,0.013484474727689766,-0.05304896970586326,1
1929 HK Equity,2023-06-29,-0.7885214432724639,-0.003440212107226448,-0.04433422240847151,0
1929 HK Equity,2023-12-29,0.9103907586524291,0.0010752932755091482,0.028800888227425214,3
1929 HK Equity,2023-07-10,-0.07243545678408198,-0.0013223932950894302,-0.06534220230914956,1
1929 HK Equity,2024-12-29,-2.034832780465011,0.01817528101200172,0.15657120719584006,0
1929 HK Equity,2024-07-23,1.3338867946549793,-0.06362171377661707,-0.1573587678617001,4
1929 HK Equity,2025-12-29,0.01511525738361002,-0.03260230159606792,-0.08612682725981669,2
1997 HK Equity,2021-03-04,-0.07922201343640665,-0.012357903636856515,0.03982552734003941,1
1997 HK Equity,2021-08-05,1.5181017358802715,-0.03785448607870334,0.17640323541104141,4
1997 HK Equity,2022-03-02,0.6844365936636648,0.011491415563959273,0.13613116979585682,3
1997 HK Equity,2022-08-04,-0.5648247698151272,0.09633841060495252,0.10562162006898368,1
1997 HK Equity,2023-03-07,-1.1160709586957813,0.02008693557154717,-0.007371031972594477,0
1997 HK Equity,2023-08-07,0.4342775763201317,-0.0600187277334967,-0.12707847676368567,2
1997 HK Equity,2024-03-07,1.6973972871934395,0.08377690130368542,-0.27667998047055253,4
1997 HK Equity,2024-08-06,-0.39056750801885787,0.03471203949879986,-0.049967106844527986,1
1997 HK Equity,2025-03-10,-0.14530693573549136,-0.01910088149333955,0.009759990191264611,1
1997 HK Equity,2025-08-07,-0.20046361746934557,-0.03383894193756698,-0.042083617623967395,1
1997 HK Equity,2026-03-10,-0.5908162958709591,-0.05275717588338524,-0.060130558561319214,1
2 HK Equity,2019-08-06,-4.522905013551797,0.036788540933304636,-0.06580885792323476,0
2 HK Equity,2020-02-24,-0.1327685294694441,0.01826683748938951,0.08941755976228061,1
2 HK Equity,2020-08-03,1.8581494925374409,-0.006110405864734769,-0.01030983541384456,4
2 HK Equity,2021-02-22,-0.023325963540400715,0.04194742728044043,0.14511828511881786,1
2 HK Equity,2021-08-02,-0.27936551036283486,-0.028327087602028178,0.016406975473352237,1
2 HK Equity,2022-02-27,-0.32150633780572374,-0.030348282138657368,0.08265753860762903,1
2 HK Equity,2022-08-08,-1.9510122016743945,0.012108568292160227,0.05153224864777595,0
2 HK Equity,2023-02-27,0.3648296382463107,-0.005618023501779534,0.11776452081410005,2
2 HK Equity,2023-08-07,1.8493169152469997,0.020603790363754815,0.03162430448655995,4
2 HK Equity,2024-02-26,-0.6686467310467238,0.04489787728440264,-0.11034126881781181,0
2 HK Equity,2024-08-05,0.14050686933389406,0.0015496840291647773,-0.23530660834664663,2
2 HK Equity,2025-02-24,0.6455873067432972,0.03131784733361054,0.02716893211155491,3
2 HK Equity,2025-08-04,-0.048891333915567076,-0.02498256488053685,-0.041222628871403266,1
2 HK Equity,2026-02-26,-0.1999591586318322,-0.006276087174369671,0.10379583787715474,1
2020 HK Equity,2019-08-26,3.2753858560003213,0.059133154974531976,0.13321345465803924,4
2020 HK Equity,2020-03-24,5.0,0.09824655488971801,0.18598193242882144,4
2020 HK Equity,2020-08-25,-4.330058524609146,-0.040888736112706936,0.2823639454089002,0
2020 HK Equity,2021-03-24,1.3416008033724378,0.05156335130861556,0.45048914493466974,4
2020 HK Equity,2021-08-24,4.301036443995132,-0.08558925627774694,-0.14126524099272797,4
2020 HK Equity,2022-03-22,0.4080193753242554,-0.06982358216636475,-0.10158113090382737,2
2020 HK Equity,2022-08-23,-0.28571706092403504,0.10114655600528077,0.0005915814040101663,1
2020 HK Equity,2023-03-21,0.12087904185451877,0.08626110244806307,-0.24409302102368546,2
2020 HK Equity,2023-08-22,1.113521867187729,0.07341241039354762,-0.010716489714191368,3
2020 HK Equity,2024-03-26,1.4458453191393408,0.017247999256979063,-0.13965657934859965,4
2020 HK Equity,2024-08-27,3.0449395087729285,0.053554679314354536,-0.037072893046922184,4
2020 HK Equity,2025-03-19,2.1579682185614475,-0.06482289940309316,0.02910108682479018,4
2020 HK Equity,2025-08-27,-0.5059522191402838,-0.05482499009815023,-0.15623557228181828,1
2020 HK Equity,2026-03-25,-0.9600124090345916,-0.005448417366665792,0.011380673347816672,0
2269 HK Equity,2019-08-19,2.1932485013765954,0.019468834767357945,0.03021362209132139,4
2269 HK Equity,2020-03-26,2.0078496834989688,-0.022556390724971953,0.44960436337905185,4
2269 HK Equity,2020-08-17,3.1175810080428015,0.0818927289475837,0.393468903390914,4
2269 HK Equity,2021-01-13,5.0,0.05516437323268275,-0.009440683466410693,4
2269 HK Equity,2021-08-23,5.0,0.12041098301039965,-0.10128702148613555,4
2269 HK Equity,2022-03-22,1.6940135193038999,0.1304987606251391,0.11093425032670656,4
2269 HK Equity,2022-08-17,2.208475375603841,0.02764525026057152,-0.1725437563968173,4
2269 HK Equity,2023-03-22,1.1054234334702675,-0.009532712695299539,-0.19757584498592506,3
2269 HK Equity,2023-08-23,-0.8656083291383423,0.07619898111299528,0.09026729215979701,0
2269 HK Equity,2024-03-26,-1.7342324131981421,-0.01364013031066691,-0.231907188861751,0
2269 HK Equity,2024-08-21,-1.1319273314536626,-0.11853041363271444,0.35992234000340106,0
2269 HK Equity,2025-03-25,1.1913283007455375,0.011970236974842674,-0.061299039566469204,3
2269 HK Equity,2025-08-19,1.2630355799226767,-0.011824729925026478,0.00841334538922589,4
2269 HK Equity,2026-03-24,1.032000314763684,-0.016265637809702138,0.08795642133252346,3
2313 HK Equity,2019-08-26,4.658135372978064,-0.051113874154545935,-0.03864115791570111,4
2313 HK Equity,2020-03-23,4.982026180397115,-0.08017715371876244,0.24758408847231128,4
2313 HK Equity,2020-08-25,1.580951286223325,0.13446816614467327,0.06568142321843484,4
2313 HK Equity,2021-03-29,-0.7864539622103304,0.05726752888548314,0.24077142189277745,0
2313 HK Equity,2021-08-26,-1.645333920456372,-0.049131595566148656,0.019856933912416275,0
2313 HK Equity,2022-03-30,-5.0,-0.025548865349473537,-0.1168071248812923,0
2313 HK Equity,2022-08-25,0.2074490935744849,-0.027918815035749,-0.0997618033929134,2
2313 HK Equity,2023-03-28,1.6433659333314024,-0.07071230324720779,0.030724401685151004,4
2313 HK Equity,2023-08-30,-0.29742768515628387,0.05097624681319646,0.05682771260243469,1
2313 HK Equity,2024-03-26,0.29088567196380893,0.12595044821670343,-0.014574758624871675,2
2313 HK Equity,2024-08-28,0.9895116375153861,-0.07919307892876792,-0.1156690679987804,3
2313 HK Equity,2025-03-25,0.9897460265190565,0.11546407043533946,-0.15165966009296084,3
2313 HK Equity,2025-08-27,0.47288309233950465,-0.0385903630693758,0.1484964719796913,3
2313 HK Equity,2026-03-30,-1.3326909842130807,-0.09811841696983548,-0.033958212810374255,0
2318 HK Equity,2019-08-15,3.9103426211463352,0.008815482705460731,-0.006013552843409986,4
2318 HK Equity,2020-02-20,0.17839070678003696,0.011443715943068589,-0.01025551143322756,2
2318 HK Equity,2020-08-27,-1.9096791071843624,-0.007365188664366418,0.048447965476750676,0
2318 HK Equity,2021-02-03,0.9977533740888626,0.010108702249549295,-0.07645496786522599,3
2318 HK Equity,2021-08-26,-0.45761282366425443,0.02688862565521455,-0.06825634660513014,1
2318 HK Equity,2022-03-17,-1.281855341078208,0.09189427716352094,-0.07339541066643696,0
2318 HK Equity,2022-08-23,0.48040722371633615,0.03238667122052574,0.05242510536004452,3
2318 HK Equity,2023-03-15,-0.9621495484137851,-0.0016663377793019185,0.035257120431189115,0
2318 HK Equity,2023-08-29,-0.08689439531661032,0.01692903950311675,-0.1336777105236867,1
2318 HK Equity,2024-03-21,-0.3453506706936468,-0.037530204818074564,0.05109829454288728,1
2318 HK Equity,2024-08-22,0.31222642094756303,0.03288178075506609,0.2229281491681685,2
2318 HK Equity,2025-03-19,2.21897902300813,-0.010386561727005916,0.008710949728871653,4
2318 HK Equity,2025-08-26,-0.3069473679455333,-0.01575666892222294,0.0024734863353257364,1
2318 HK Equity,2026-03-26,0.7880809890090139,-0.0038643135824711905,-0.017349758116800063,3
2319 HK Equity,2019-08-28,0.4174050524029488,-0.04988378723187581,-0.1088864909762457,2
2319 HK Equity,2020-03-26,0.5014696667721138,-0.042693373066092555,0.1274263085285654,3
2319 HK Equity,2020-08-26,-0.8898772504527479,0.010876780056703561,0.06478493952083686,0
2319 HK Equity,2021-03-25,0.2334134435550707,0.07222201994235666,0.02464171850256358,2
2319 HK Equity,2021-08-25,3.1006682913139922,0.04871134427558044,0.029826613353655107,4
2319 HK Equity,2022-03-30,-0.2903336750033183,-0.030793111538439555,-0.06568383383171728,1
2319 HK Equity,2022-08-24,0.9059563176602669,0.05603848151050128,0.03045418211953188,3
2319 HK Equity,2023-03-29,-0.5901817391850454,-0.06484872213048531,-0.013306110067296428,1
2319 HK Equity,2023-08-30,-0.7579767342532524,0.04487258133632133,-0.005870861773178082,0
2319 HK Equity,2024-03-26,0.26339028434157546,-0.11471678497720728,-0.2077285251482035,2
2319 HK Equity,2024-08-28,-0.6054036550143734,0.07302569522913138,0.20136312447782223,1
2319 HK Equity,2025-03-26,-5.0,0.04632130548698643,-0.1588491713910397,0
2319 HK Equity,2025-08-27,-0.22806001107580168,-0.03933735599490584,-0.11786983236879822,1
2319 HK Equity,2026-03-25,1.1774370774327205,0.0418485288920617,0.1461739627499381,3
2331 HK Equity,2019-08-14,3.911218941787601,0.09149133677288201,0.18956164075644,4
2331 HK Equity,2020-03-27,1.0007941272912284,0.12231668907622584,0.027929186142886087,3
2331 HK Equity,2020-08-14,-0.5077778825136183,0.11739241057617966,0.2666578749213151,1
2331 HK Equity,2021-03-19,1.1391826164235408,0.006369367682115157,0.7081404966686916,3
2331 HK Equity,2021-08-12,5.0,0.02047457211856618,0.12686142598501826,4
2331 HK Equity,2022-03-17,2.0655002878640065,-0.019336987777875958,0.08420418547361719,4
2331 HK Equity,2022-08-12,0.22982737872974313,0.06784467604127675,-0.10166986567362934,2
2331 HK Equity,2023-03-17,-0.43416991457170323,-0.12134148855219784,-0.18312622628990116,1
2331 HK Equity,2023-08-11,-0.12766823316347947,-0.009957690918323547,-0.32105172020728934,1
2331 HK Equity,2024-03-20,-1.2216784061328012,0.026622575312900576,-0.23668357325827216,0
2331 HK Equity,2024-08-16,-0.15710087653861993,0.03971715101661988,0.06655462590998695,1
2331 HK Equity,2025-03-28,-0.032347036533409985,-0.04951361451274383,0.03733468728117062,1
2331 HK Equity,2025-08-21,-0.6987732427152743,0.06551007840952727,-0.127268315167134,0
2331 HK Equity,2026-03-19,0.5071127249338111,0.08803247154068672,-0.19368151856457583,3
2338 HK Equity,2019-08-29,0.8731005103706921,0.05017995013214893,0.125478063822122,3
2338 HK Equity,2020-03-26,-0.4346562974018275,-0.02237333406902353,0.06020624800111185,1
2338 HK Equity,2020-08-27,-0.5465552135677163,-0.041068083046213344,0.06360289533196917,1
2338 HK Equity,2021-03-30,0.5502374072720466,-0.0783456052683873,-0.11689788830909642,3
2338 HK Equity,2021-08-30,1.9379777588954443,-0.029657646379469882,-0.20806050692483735,4
2338 HK Equity,2022-03-30,-2.0384002427654804,0.01664193218591814,0.01887793339910493,0
2338 HK Equity,2022-08-30,-3.3064719261391016,-0.005985869902463081,0.0537029283427326,0
2338 HK Equity,2023-03-30,-0.1942936639849126,-0.0006675317582913731,0.017113191032452568,1
2338 HK Equity,2023-08-30,0.6775742537661056,0.029698288504843573,0.5346219982226503,3
2338 HK Equity,2024-03-25,1.0223985519990035,0.018403824813389758,-0.1089545480960935,3
2338 HK Equity,2024-08-22,0.7177183705947769,0.00205017180274214,-0.13317017526317831,3
2338 HK Equity,2025-03-27,0.13696181512505431,0.0645167380596332,-0.049083466598153325,2
2338 HK Equity,2025-08-29,-0.09838631514642718,-0.04010733755654872,0.21253148598023852,1
2338 HK Equity,2026-03-26,-0.16301810981678158,-0.028175527345521867,0.3297339603744093,1
2359 HK Equity,2020-08-13,0.4578973595774297,-0.0029202923532888336,0.1242324901141163,2
2359 HK Equity,2021-03-30,1.3281046362725033,0.029611977405930245,0.4103104241874149,4
2359 HK Equity,2021-08-12,1.912576022762671,-0.010708566779766393,0.019608229558647494,4
2359 HK Equity,2022-03-23,2.3062650047816353,0.15694461484296784,-0.15494923163372154,4
2359 HK Equity,2022-07-26,3.222812360599449,-0.04027559410739057,-0.1264441928394463,4
2359 HK Equity,2023-03-20,2.081185103295078,0.07647242881898164,-0.16207247230794608,4
2359 HK Equity,2023-07-31,0.9772904348634306,0.09157330720292589,0.42220005249707737,3
2359 HK Equity,2024-03-18,2.1251908074381722,-0.0239291669703926,-0.28607280980085203,4
2359 HK Equity,2024-07-29,-2.0441435738869167,0.042951952967774876,0.5556646385640029,0
2359 HK Equity,2025-03-17,-0.13146514979602641,0.08911628712025887,0.11200177292520785,1
2359 HK Equity,2025-07-28,3.718563270977338,0.1292258585846391,-0.06262327806087598,4
2359 HK Equity,2026-03-23,3.2064024177654984,0.07013597894720525,0.3297958929745948,4
2382 HK Equity,2019-08-13,0.3986185220292434,0.11266568668471466,0.2993966069409988,2
2382 HK Equity,2020-03-16,2.306287918750218,-0.08276358598649725,0.005589373101282602,4
2382 HK Equity,2020-08-17,0.5106556058862775,-0.08435027391755012,0.10308843537342116,3
2382 HK Equity,2021-03-17,0.9322720454342872,0.051102299691925035,0.12672650363623394,3
2382 HK Equity,2021-08-16,1.6714476307491404,0.005546497720289478,0.06980346241298985,4
2382 HK Equity,2022-03-22,-1.4098904190444412,-0.020693550824557372,-0.1794588229076708,0
2382 HK Equity,2022-08-15,-1.8570514688864077,-0.004807624584336034,-0.10220654618162728,0
2382 HK Equity,2023-03-20,-1.2293354701190844,0.032205511196100045,-0.13678580486077418,0
2382 HK Equity,2023-08-22,-0.9278198887362894,-0.018933238066130564,0.13950229338447828,0
2382 HK Equity,2024-03-20,-0.3966145659368635,-0.15016897580059807,-0.012861919539073785,1
2382 HK Equity,2024-08-20,0.7685339346055501,0.07849473112080341,0.029727573781750838,3
2382 HK Equity,2025-03-24,1.3224209506405764,-0.07584801804108277,-0.1496944229823478,4
2382 HK Equity,2025-08-19,0.5846739694508756,0.09128072528917852,-0.23017902085849262,3
2382 HK Equity,2026-03-30,1.495229153041808,0.0009882107633882864,0.19399865014533357,4
2388 HK Equity,2019-08-30,-0.02378273461959391,-0.023315360553072817,0.015261864086541843,1
2388 HK Equity,2020-03-27,0.03664130049538159,-0.013281510345028447,0.10543607039145053,2
2388 HK Equity,2020-08-30,-0.19488013211567273,-0.006369782605552099,0.12787221913787805,1
2388 HK Equity,2021-03-30,-3.471704313647093,-0.04035786688718068,-0.017705847894964877,0
2388 HK Equity,2021-08-30,-1.528011210030634,-0.031108354865765686,0.11438105360863815,0
2388 HK Equity,2022-03-29,-0.48917085274440353,0.020237556038838145,0.05352564753011968,1
2388 HK Equity,2022-08-30,0.029721245398642102,-0.007504917358204688,0.061423495126067484,2
2388 HK Equity,2023-03-30,1.8380760055093333,-0.04194374122468181,0.02946399039160008,4
2388 HK Equity,2023-08-30,1.873231614158689,0.012460658164870297,0.0643634940587664,4
2388 HK Equity,2024-03-28,0.7706772024457973,0.05738834076539567,0.009151456910530209,3
2388 HK Equity,2024-08-29,1.1542148051162557,0.03003958170836163,-0.06202944520097353,3
2388 HK Equity,2025-03-26,1.2373620367494447,0.04523439507115801,0.13578076775193404,3
2388 HK Equity,2025-08-29,1.4977221396775249,0.013373627690359324,0.0004469400089261999,4
2388 HK Equity,2026-03-30,-0.2772145908576012,0.05148313082670464,0.0930431836731257,1
241 HK Equity,2019-06-29,0.32609355614173735,-0.0002540529530365987,0.01353971861479375,2
241 HK Equity,2019-12-29,1.6314863687968482,-0.021537548486135427,0.6246990878284167,4
241 HK Equity,2020-06-29,-0.14766924734046386,-0.025040879757567303,-0.11444845479330534,1
241 HK Equity,2020-12-29,4.83007497833873,0.0778534172288623,-0.10089661607028222,4
241 HK Equity,2021-06-29,0.6409748099947896,-0.033573496625042276,-0.18878462815213048,3
241 HK Equity,2021-12-29,-4.818629327101701,-0.00992074030932244,-0.13764367049377746,0
241 HK Equity,2022-06-29,-0.35779384827682986,-0.037557730127655176,-0.12050660986153972,1
241 HK Equity,2022-12-29,1.4168585269956635,-0.052168808346603646,-0.15299336200263947,4
241 HK Equity,2023-06-29,1.257550493774946,0.009104621022345438,0.041363537786532456,4
241 HK Equity,2023-12-29,0.7903067021282411,0.007817658665780991,-0.22268992041059832,3
241 HK Equity,2024-06-29,0.08264208575126937,0.00769263748400606,0.13989482339251658,2
241 HK Equity,2024-12-29,0.5584475168005859,-0.02487433064589062,0.26615039040956656,3
241 HK Equity,2025-06-29,0.7512544004140916,-0.04062629836567422,0.32451147492532284,3
241 HK Equity,2025-12-29,2.8306896011996723,-0.00721812034692626,-0.03949879775507481,4
2600 HK Equity,2019-08-27,-0.2581806944578313,0.015858612408796824,0.0012311839723893048,1
2600 HK Equity,2020-03-26,0.48104844761505683,-0.0231761527832266,-0.10307202552909067,3
2600 HK Equity,2020-08-27,-1.1961831988606277,0.023460779093426254,0.3866567507413352,0
2600 HK Equity,2021-03-23,0.7516826003182052,-0.14031267804930492,0.38527694986996686,3
2600 HK Equity,2021-08-24,5.0,0.06173880250123909,-0.13675089344210212,4
2600 HK Equity,2022-03-22,1.4243150461007392,-0.031132413809002557,-0.33157673487450257,4
2600 HK Equity,2022-08-23,0.9759689093080658,0.06616424713767943,0.08672893880512311,3
2600 HK Equity,2023-03-21,-1.8311148620382907,-0.06624658168827824,-0.07692823960250927,0
2600 HK Equity,2023-08-22,-0.5142343616100838,0.029215584908977466,0.16889966162419112,1
2600 HK Equity,2024-03-27,1.5037059616368673,0.0065959271663115215,0.01901061753086064,4
2600 HK Equity,2024-08-28,1.5577762040919347,-0.021149249860407116,-0.0904378087601978,4
2600 HK Equity,2025-03-26,0.8726200688088599,-0.025289684876746765,0.032644051997764434,3
2600 HK Equity,2025-08-27,0.028322414890829033,-0.020063245356123582,0.553327836810916,2
2600 HK Equity,2026-03-27,0.08536168983378754,0.07334996546328842,-0.26671251118018535,2
2618 HK Equity,2023-08-16,0.05014010798566024,-0.012482380877493315,-0.09849513705966428,2
2618 HK Equity,2024-03-06,0.07414353613581619,0.10528510014444614,-0.0792642388906617,2
2618 HK Equity,2024-08-15,0.19849920249649655,0.16625718597369588,0.45711345287174976,2
2618 HK Equity,2025-03-06,0.33750256963386455,-0.1608602313338806,-0.06068071986532819,2
2618 HK Equity,2025-08-14,0.039174198076846495,-0.034442431103614335,-0.09015608702934097,2
2618 HK Equity,2026-03-05,0.0892871517066911,0.1885007388811033,0.05700651448252825,2
2628 HK Equity,2019-08-22,1.3331744170028217,0.026409309929466662,0.08419126378493824,4
2628 HK Equity,2020-03-25,1.4925206746972575,0.03735954195837499,-0.008283130693912621,4
2628 HK Equity,2020-08-26,-0.39138498651886083,-0.008712421509389556,-0.11991392024865577,1
2628 HK Equity,2021-03-25,-0.05108240212474658,-0.01748495585691312,-0.052263313730370964,1
2628 HK Equity,2021-08-25,0.5738885446012737,0.009061938571335859,0.0874453668228028,3
2628 HK Equity,2022-03-24,-0.5225737422879024,0.006187298260221463,0.09171797005435867,1
2628 HK Equity,2022-08-25,-0.11368395395987141,-0.027057741246021116,0.08163113333348049,1
2628 HK Equity,2023-03-29,-1.2817146236024726,-0.07987286053733167,0.12011481947142522,0
2628 HK Equity,2023-08-23,-0.5091973432601435,-0.007655106721007998,0.008705900817136847,1
2628 HK Equity,2024-03-27,2.5445248487931944,0.030815101590895178,0.10460674315061436,4
2628 HK Equity,2024-08-29,0.2482590021310497,0.042322264698021694,0.17274951293553586,2
2628 HK Equity,2025-03-26,3.7061469881384084,-0.02026764091891642,0.22901370617273153,4
2628 HK Equity,2025-08-27,0.11378634808134037,-0.010193776766869833,0.09364569280397328,2
2628 HK Equity,2026-03-25,1.8155136783719288,-0.06086773481038188,0.16294344886408751,4
267 HK Equity,2019-08-29,0.4136933936030362,0.017800314194112765,0.07342323711422227,2
267 HK Equity,2020-03-31,0.13402876316173765,-0.012763875441434536,-0.04445111326044282,2
267 HK Equity,2020-08-28,-0.5687626254074623,-0.02734558113761476,-0.18383174927005008,1
267 HK Equity,2021-03-30,1.1934670889533792,0.06372035666193354,0.1716781301628465,3
267 HK Equity,2021-08-27,2.3553015058659157,0.0757301531916117,-0.15717013019315862,4
267 HK Equity,2022-03-31,-0.7463988169486576,0.04628921220417381,-0.006472180542101191,0
267 HK Equity,2022-08-30,0.7117412493465956,0.0059100365245181585,0.11173060643467392,3
267 HK Equity,2023-03-31,0.26154715304961895,-0.011452539144021667,0.13795489594026988,2
267 HK Equity,2023-08-31,-1.4414893692347863,0.004546441433107562,0.03088786874395133,0
267 HK Equity,2024-03-28,0.27955681139247285,-0.005161572914641699,-0.08443186548922788,2
267 HK Equity,2024-08-30,0.0,-0.030634265242289627,0.08080621305477464,1
267 HK Equity,2025-03-28,0.11171843176319686,0.019475969939097726,0.12168989352240889,2
267 HK Equity,2025-08-29,-0.1759741352066686,-0.03175808650606993,0.09778590492891182,1
267 HK Equity,2026-03-27,0.32347104934385496,3.4991567445130656e-05,0.012399585603755203,2
2688 HK Equity,2019-08-22,4.693813789308062,0.09097929751369582,-0.05320350685574338,4
2688 HK Equity,2020-03-16,1.8970665311097599,-0.07298755799981194,0.3027230385004327,4
2688 HK Equity,2020-08-20,-0.965207016830164,-0.05524880533743337,0.1289233082441681,0
2688 HK Equity,2021-03-22,1.515983746623223,-0.038059287010143494,0.24152526088542492,4
2688 HK Equity,2021-08-23,1.165173127565844,-0.15870442260358264,0.06967211700272835,3
2688 HK Equity,2022-03-18,0.44881543554364406,0.08734131114401833,0.08986536989958549,2
2688 HK Equity,2022-08-19,-0.8137011763401967,-0.13921869107383822,0.07517932656749882,0
2688 HK Equity,2023-03-24,-1.3493071850231657,0.01914109548421028,0.039550154402714366,0
2688 HK Equity,2023-08-24,0.21824243587946554,-0.16388598058639947,-0.09843397436795354,2
2688 HK Equity,2024-03-22,0.7419931815355454,-0.039447099181390444,0.035720584463877714,3
2688 HK Equity,2024-08-23,-0.8538046535449061,0.0022897083750983427,-0.11323275953786072,0
2688 HK Equity,2025-03-26,-0.04328734924493602,0.10014132913701301,-0.045837707337075595,1
2688 HK Equity,2025-08-27,-0.15608414601556753,0.007254476729266934,0.08156890602744071,1
2688 HK Equity,2026-03-27,0.10539438874962524,-0.015875839071255338,-0.257356523768021,2
27 HK Equity,2019-08-13,-0.5759755702919747,-0.030793073917320335,0.1560790507026768,1
27 HK Equity,2020-02-27,0.03277154588755327,-0.020678944696096546,0.1433259265823238,2
27 HK Equity,2020-08-13,-5.0,-0.0068261477455360264,-0.024745912451883845,0
27 HK Equity,2021-02-25,-1.6849804661225602,-0.028574180758480172,-0.07933438968285478,0
27 HK Equity,2021-08-12,0.7809112809580473,0.014155044447220488,-0.050541595196674116,3
27 HK Equity,2022-02-22,0.29019806917352914,0.013781389566029922,-0.026148085712322744,2
27 HK Equity,2022-08-18,-0.33943448502727913,-0.02001383272562196,0.082104240355103,1
27 HK Equity,2023-02-23,-0.5628715903146518,0.0492425004787852,-0.010116648895835079,1
27 HK Equity,2023-08-17,0.7273452719826651,-0.016346664592298166,-0.14463147420357758,3
27 HK Equity,2024-02-28,1.4718901961995605,0.009672636751711927,-0.203782765687877,4
27 HK Equity,2024-08-15,0.41011393752300646,0.04815481393873977,-0.053568732605488556,2
27 HK Equity,2025-02-27,0.12377069602953579,0.07635685955392058,0.048526457761597364,2
27 HK Equity,2025-08-12,0.24227764292176146,-0.03393687038587245,-0.0003817112526629529,2
27 HK Equity,2026-02-26,0.32967783080135415,-0.030057807818311577,-0.1767623700936516,2
285 HK Equity,2019-08-21,-1.0584715928945339,-0.0662311399302008,0.2844644793184399,0
285 HK Equity,2020-03-31,-0.05608740831952285,0.05260759749255828,0.34419892058896306,1
285 HK Equity,2020-08-28,3.7470402757544647,0.22305363313867088,0.07941860969695425,4
285 HK Equity,2021-03-29,2.1854533829469425,-0.023620278870794542,0.20024872195726573,4
285 HK Equity,2021-08-27,-0.7375090517259298,-0.05451723872835457,0.028768765968535392,0
285 HK Equity,2022-03-29,-1.869887172044443,-0.06722064899075242,0.5332662356422208,0
285 HK Equity,2022-08-03,-0.6135806008846592,0.05416345520506538,0.31307080972004886,0
285 HK Equity,2023-03-28,0.3285216114125428,-0.049366506928803955,0.12749765696404125,2
285 HK Equity,2023-08-28,0.5126468332242278,-0.03700435982198802,0.17305976410198265,3
285 HK Equity,2024-03-26,0.8477088575062003,-0.022202312852669714,0.2565219457392227,3
285 HK Equity,2024-08-28,0.0,-0.0809912450034398,0.13291849646118337,1
285 HK Equity,2025-03-24,0.16514947663144078,-0.08699913547977234,-0.2768218388490524,2
285 HK Equity,2025-08-29,0.2806107850672926,0.12428206038072176,-0.2608858673266141,2
285 HK Equity,2026-03-27,-1.9601118163909648,-0.05638295883416833,-0.20075348387579228,0
288 HK Equity,2019-08-13,0.7667398945183274,-0.0526337668302842,0.29089060596357075,3
288 HK Equity,2020-03-24,5.0,0.14710223139256584,-0.08738787568970552,4
288 HK Equity,2020-08-11,-1.199736592974045,-0.08107476897665211,-0.043534261569149524,0
288 HK Equity,2021-03-30,-1.5594390917307217,-0.10651263527486543,0.1124340900959413,0
288 HK Equity,2021-08-12,1.129184152553393,0.03182302949101068,-0.1326336732918828,3
288 HK Equity,2022-03-28,-0.17621493049764936,0.0013087884633551372,0.2860905746730533,1
288 HK Equity,2022-08-16,0.6690739363581713,0.009561263679039977,-0.03256089630795689,3
288 HK Equity,2023-03-28,0.7323235094149626,-0.031925587537415145,0.03799894087531497,3
288 HK Equity,2023-08-15,-1.319882179860422,0.0011729055171637581,0.2587057443878642,0
288 HK Equity,2024-03-26,-1.4198391944803932,0.034244305423059784,-0.07442594829044547,0
288 HK Equity,2024-08-13,1.2187157667857338,0.08169497442912488,-0.07166340940447236,3
288 HK Equity,2025-03-25,1.9629420064991605,0.0444378065111003,0.11405019017850382,4
288 HK Equity,2025-08-12,0.00958908478179771,0.017995927500577213,-0.015173508082759302,2
288 HK Equity,2026-03-24,-0.12161709375412141,0.06377524444341476,-0.03689999647078224,1
2899 HK Equity,2019-08-30,-1.0342025207371357,-0.007241042600066194,-0.024123394546697874,0
2899 HK Equity,2020-03-20,0.6966924298182513,0.08104575376669965,0.22297607361503524,3
2899 HK Equity,2020-08-21,0.4792653521143805,-0.005069624149403706,0.42734597573385513,3
2899 HK Equity,2021-03-19,2.4715531994694233,-0.027070487162608847,-0.048182099211298346,4
2899 HK Equity,2021-07-30,4.523729047415656,0.07636335615942935,-0.04076775719869308,4
2899 HK Equity,2022-03-18,2.528225256843957,0.016556551445314205,-0.09862842168323716,4
2899 HK Equity,2022-08-12,2.524730512560912,-0.012936613209822867,0.18267247831639333,4
2899 HK Equity,2023-03-24,-0.7017413705896325,-0.01116989380819211,-0.014400592703177839,0
2899 HK Equity,2023-08-25,-0.8157778951778988,-0.03560600921401891,0.019850488897639962,0
2899 HK Equity,2024-03-22,0.9828181570634076,0.010322047960154124,-0.008113995490918624,3
2899 HK Equity,2024-08-23,1.3841000007193567,0.008521233025673647,-0.155168500213002,4
2899 HK Equity,2025-03-21,1.7026756775096887,0.010779594201276388,0.088205791490785,4
2899 HK Equity,2025-08-26,2.1434420409538557,0.0407786982459617,0.21770316113226706,4
2899 HK Equity,2026-03-20,2.7212849882073367,-0.018966563410227066,-0.03508584828956174,4
291 HK Equity,2019-08-16,0.8624241604358474,0.09668059621641456,0.074566231563997,3
291 HK Equity,2020-03-20,-0.06686267222206094,-0.0071112270315942805,0.24116090856134997,1
291 HK Equity,2020-08-19,0.5140969997826298,-0.01861474475838254,-0.014827901324362847,3
291 HK Equity,2021-03-22,1.706312329613499,-0.004845418469809015,0.16251376961980857,4
291 HK Equity,2021-08-18,5.0,0.042890296678912865,0.02306719883228614,4
291 HK Equity,2022-03-24,0.3006286039719599,-0.05841082759983096,0.13506224574913284,2
291 HK Equity,2022-08-17,-0.6003842455967723,0.09241402844166458,-0.061264233412687275,1
291 HK Equity,2023-03-24,0.2655758795615153,0.035275351959344836,-0.16244292395352655,2
291 HK Equity,2023-08-18,0.9320374440189569,-0.005147759157858034,-0.12341071157402372,3
291 HK Equity,2024-03-18,-0.042193295344399154,0.036236648194465815,-0.3157498037722828,1
291 HK Equity,2024-08-19,0.06914004111436464,-0.05694280742844682,0.08774345402376271,2
291 HK Equity,2025-03-18,-1.0755141909579584,0.07482751375252095,-0.14168207967077984,0
291 HK Equity,2025-08-19,2.157382331087908,0.05079426017971467,-0.015623794164695726,4
291 HK Equity,2026-03-23,-4.26385992292165,0.05010554830323366,-0.08697447672765068,0
3 HK Equity,2019-08-20,-1.795132922544149,-0.041711216576761134,-0.07528306026200526,0
3 HK Equity,2020-03-19,-1.8079576988342183,-0.10554571041265914,-0.08969700690725713,0
3 HK Equity,2020-08-17,-1.2089513299748476,-0.016286781417769847,0.059870884936417346,0
3 HK Equity,2021-03-19,0.2330825707758925,0.049786345172176394,0.03861010408986243,2
3 HK Equity,2021-08-20,1.6472668249985654,0.03467624594864882,-0.10292379794645712,4
3 HK Equity,2022-03-21,-2.09742524749907,-0.1498726048769201,-0.10567149749519511,0
3 HK Equity,2022-08-19,-0.6170426501241595,0.02039084984672679,-0.09755046575355353,0
3 HK Equity,2023-03-17,0.7852861263784913,-0.0032980720000560515,-0.02525375055515111,3
3 HK Equity,2023-08-15,0.19427954473606088,-0.016320910283603274,-0.020067582066031875,2
3 HK Equity,2024-03-20,0.35422066781680955,0.056491404640677256,-0.12545748832743064,2
3 HK Equity,2024-08-16,-0.3884589270370469,-0.048195325979314974,-0.15153847918533114,1
3 HK Equity,2025-03-19,0.16718671274648628,0.05504109472546981,0.06195366920232237,2
3 HK Equity,2025-08-20,-0.10201245102245203,-0.010644929771146727,0.03417436049090328,1
3 HK Equity,2026-03-20,0.09181324766619178,-0.001925165996158662,0.023480267819297018,2
300 HK Equity,2025-03-28,1.0832652721229334,0.038830808648775084,-0.052410027629493205,3
300 HK Equity,2025-08-29,2.6182858623172556,0.0034384871432942,0.054925935056897135,4
300 HK Equity,2026-03-30,-0.38201904972839007,0.037320890226097636,0.14980120151706677,1
316 HK Equity,2019-08-26,1.1371967053078311,0.04862221512847964,0.09594863527921005,3
316 HK Equity,2020-03-20,5.0,0.03393466806596257,-0.056124953552691315,4
316 HK Equity,2020-08-21,-0.08792277065340941,-0.06274770485017922,0.8706894047988025,1
316 HK Equity,2021-03-26,-0.9415677677165731,0.14977647132783867,0.7017495623690424,0
316 HK Equity,2021-08-20,5.0,0.07109632311300318,-0.11425954151202367,4
316 HK Equity,2022-03-25,2.9491541673930053,-0.1465916311353469,0.23109649743325922,4
316 HK Equity,2022-08-19,1.679448072704055,0.04167648577690353,-0.18307781220460317,4
316 HK Equity,2023-03-22,-0.04862870757904093,0.1407527070606427,-0.081470689983282,1
316 HK Equity,2023-08-18,-2.537267175197498,-0.010869714262911834,-0.10751478054335817,0
316 HK Equity,2024-03-21,-1.3392908241900252,-0.16095475884984956,0.2095172083060588,0
316 HK Equity,2024-08-22,-0.08240538622086635,-0.03387192960055063,-0.04655603321249524,1
316 HK Equity,2025-03-13,0.44967723430360823,-0.03954653809532249,0.3150534145724688,2
316 HK Equity,2025-07-11,0.040414022426048656,-0.008029165540044625,-0.1469997944907061,2
316 HK Equity,2026-03-12,-0.48014806650030833,-0.06676881528311929,-0.033088473482654535,1
322 HK Equity,2019-08-26,0.813137380820336,-0.0977000343367902,0.0414148523151181,3
322 HK Equity,2020-03-23,3.105643428393135,0.07416031943758694,-0.12724386996239256,4
322 HK Equity,2020-08-24,3.560791442361132,0.13447787488226948,-0.12588035041214074,4
322 HK Equity,2021-03-22,-0.46733745815585753,-0.0626937447622482,0.12584585593260933,1
322 HK Equity,2021-08-23,-0.8583069233769784,0.03825372434420027,0.17372780209752992,0
322 HK Equity,2022-03-28,0.1779721848585029,-0.09239930365240734,0.11054907197170549,2
322 HK Equity,2022-08-22,-1.6642941662620154,0.09953192959856205,0.009063776237512422,0
322 HK Equity,2023-03-27,-0.6217317777649214,-0.10029748111210168,0.01931595746935222,0
322 HK Equity,2023-08-22,0.6781194212706065,-0.01993831183395256,-0.04311741018746984,3
322 HK Equity,2024-03-26,0.2469440507843042,-0.03577849412256706,0.06592851655007537,2
322 HK Equity,2024-08-26,0.5824074886918444,0.07325599997226995,-0.07728135577290396,3
322 HK Equity,2025-03-24,0.8380109733497669,0.0005804373891030723,-0.07168304792354196,3
322 HK Equity,2025-08-11,0.8133225005609028,-0.01857548312357038,0.009769187590572104,3
322 HK Equity,2026-03-23,1.2582058841355317,0.06859085674626708,-0.15135329089953753,4
3690 HK Equity,2020-08-21,0.003496195818619867,0.10232885912131007,0.10924822066239592,2
3690 HK Equity,2021-03-26,0.004087613348054659,-0.040080173552818454,0.13907951293774135,2
3690 HK Equity,2021-08-30,-0.03200723752355431,0.08812518211206566,0.06225216876748474,1
3690 HK Equity,2022-03-25,-0.06925641636078117,0.036381739534387614,0.3446377267268639,1
3690 HK Equity,2022-08-26,0.008911091473990487,0.05027114252291631,-0.13387822538782335,2
3690 HK Equity,2023-03-24,0.08216278157492012,-0.04470773243149262,-0.018132352343045333,2
3690 HK Equity,2023-08-24,1.2476569742713464,0.0083920843876637,-0.14874978448150888,4
3690 HK Equity,2024-03-22,0.4155751063399894,0.033929633829724026,0.15479572883689152,2
3690 HK Equity,2024-08-28,0.6230922665960543,0.09439660923370174,0.4207575811140809,3
3690 HK Equity,2025-03-21,1.0474421286582771,-0.0012965945956134872,-0.1979470611444648,3
3690 HK Equity,2025-08-27,-1.075848031910897,-0.13188876987665388,-0.06975419505287361,0
3690 HK Equity,2026-03-26,-5.0,-0.030396463435465204,-0.1352998337346406,0
3692 HK Equity,2022-08-26,0.0,-0.06440741579215259,0.03937950815142954,1
3692 HK Equity,2023-03-27,-0.8342117624284079,0.0051523992291402365,-0.04369545707684108,0
3692 HK Equity,2023-08-31,0.0,-0.03682339987146399,0.6514960162739446,1
3692 HK Equity,2024-03-26,5.0,0.05652712650919234,-0.00742746965123664,4
3692 HK Equity,2024-08-27,4.830330518270907,0.15172260001980276,-0.16910462564706097,4
3692 HK Equity,2025-03-21,-0.5708067462131825,-0.0339928969377159,0.4179189078867662,1
3692 HK Equity,2025-08-18,0.6279469707634678,0.04658691222835354,-0.037672674745241164,3
3692 HK Equity,2026-03-29,1.161342720116463,0.09622885879429377,-0.04168152370352651,3
3750 HK Equity,2025-07-30,0.6232992095569064,-0.09135175025585984,0.31896225716659177,3
3750 HK Equity,2026-03-09,1.0037162208841113,0.06425873988808228,0.3247696945126213,3
386 HK Equity,2019-08-25,-1.094534003039165,-0.01662281549948752,-0.02332250929578028,0
386 HK Equity,2020-03-29,0.6944136703505542,0.044359593444944556,-0.13885721101488768,3
386 HK Equity,2020-08-30,-5.0,0.014993624156322105,-0.019231549576239626,0
386 HK Equity,2021-03-28,1.2397439995512052,0.044030103674988386,-0.03783766450478143,3
386 HK Equity,2021-08-29,2.144464084688816,0.04933093862704019,0.0593763420221497,4
386 HK Equity,2022-03-27,-0.625731525401649,0.024010545707097153,3.3095981895492343e-05,0
386 HK Equity,2022-08-28,0.11228053449014178,-0.0074542679858419225,0.10532033272743746,2
386 HK Equity,2023-03-26,-0.23641563249835296,0.0022314119807368415,0.04382123439412866,1
386 HK Equity,2023-08-27,-0.20429507857957555,0.011831536851782287,-0.01798903482119829,1
386 HK Equity,2024-03-24,0.008772020566469073,-0.0027263531037122757,0.032253467544084646,2
386 HK Equity,2024-08-25,0.024139186208856238,0.049804925656966814,-0.27885310838391175,2
386 HK Equity,2025-03-23,-1.004504602333442,-0.023064209315953543,0.0015420034649920034,0
386 HK Equity,2025-08-21,-2.0814960538812737,-0.006882317926530934,0.04098972256043765,0
386 HK Equity,2026-03-22,-0.5230179794851625,-0.015046502224738578,0.0024282685479758426,1
388 HK Equity,2019-08-14,0.20339500011864303,0.008624706268519411,-0.005736639205890182,2
388 HK Equity,2020-02-26,-0.20722304704675867,0.00044184975593053455,0.18854810387693344,1
388 HK Equity,2020-08-19,-0.020101477088039433,0.0015984904718984172,-0.06401557417956161,1
388 HK Equity,2021-02-24,3.0517727673213457,-0.08571183654690084,0.005566678490591892,4
388 HK Equity,2021-08-11,1.4781209751586895,-0.028320733199916126,-0.0042352757863676205,4
388 HK Equity,2022-02-10,-0.39499257292953843,-0.015092916650055854,-0.05011588389435939,1
388 HK Equity,2022-08-17,-1.830260036712427,-0.03183802982284334,-0.009388955394325826,0
388 HK Equity,2023-02-23,-0.5065029848636496,-0.004172686931356084,-0.006039999302365762,1
388 HK Equity,2023-08-16,1.060305282185502,-0.0008931379146117635,0.020640140452997002,3
388 HK Equity,2024-02-29,0.20530276195952527,-0.022789531410166486,0.022259326859086492,2
388 HK Equity,2024-08-21,-0.15167719181414852,-0.008283056669896371,0.20761058769164875,1
388 HK Equity,2025-02-27,1.2808974035530176,0.004581188829133609,0.1315280953711666,4
388 HK Equity,2025-08-20,1.926127029161637,0.02009070890461695,-0.07757006250231802,4
388 HK Equity,2026-02-26,1.9860601932161603,0.021546494256242332,0.023677751858526164,4
3968 HK Equity,2019-08-23,5.0,-0.011639782563893308,0.02812118473526226,4
3968 HK Equity,2020-03-20,5.0,0.008555803838482645,0.007671969134061873,4
3968 HK Equity,2020-08-28,-0.7958200825096485,-0.009223040088500833,0.31828833125401435,0
3968 HK Equity,2021-03-19,1.9425075063800783,0.012195214406833355,0.0485186446590703,4
3968 HK Equity,2021-08-13,3.4349176570345215,0.021145723515788473,0.02268193369118543,4
3968 HK Equity,2022-03-18,3.153236855017631,0.00228504617846248,-0.1894111612005681,4
3968 HK Equity,2022-08-19,1.9070135672775224,0.0016936179528527218,-0.0009824274084907492,4
3968 HK Equity,2023-03-24,1.9101332081302367,-0.018601523087857785,-0.061249995410610825,4
3968 HK Equity,2023-08-25,1.5118681501120204,0.02084349177172773,-0.018418266162361197,4
3968 HK Equity,2024-03-25,1.3973809520315783,0.029218542183137686,0.047217627009489505,4
3968 HK Equity,2024-08-29,-0.3550983779311157,-0.0817820117595327,0.008413876887437777,1
3968 HK Equity,2025-03-25,0.4061531108928482,-0.04681913249453229,0.18645381967187213,2
3968 HK Equity,2025-08-29,0.0,-0.043928578729190315,0.10536966487806088,1
3968 HK Equity,2026-03-27,0.2411970439690897,0.01200837393736609,-0.01515407004012903,2
3988 HK Equity,2019-08-30,0.4856314777411074,0.01662283107497209,0.0246568370619189,3
3988 HK Equity,2020-03-27,0.43487085015172267,0.0005471358077369093,-0.051867266528672684,2
3988 HK Equity,2020-08-30,-3.7020677298006004,-0.006222122913235428,0.041259465603777246,0
3988 HK Equity,2021-03-30,2.300274027355132,0.001835906031273149,0.004087180683379543,4
3988 HK Equity,2021-08-30,0.9861381274578888,-0.007435982283021003,0.07831642579559717,3
3988 HK Equity,2022-03-29,1.0388033981494946,0.004686918347624358,0.01980084641728974,3
3988 HK Equity,2022-08-30,0.2258930154682132,0.010740110603793429,0.1120629321947132,2
3988 HK Equity,2023-03-30,0.22137515515884817,-0.02015902391270763,0.11342914146171346,2
3988 HK Equity,2023-08-30,0.0,-0.012899941998721576,0.1432583276556736,1
3988 HK Equity,2024-03-28,0.6802850081118372,-0.020682784676150145,0.12385066308729797,3
3988 HK Equity,2024-08-29,-0.5607307179756419,-0.03617275081660176,-0.06526493844067582,1
3988 HK Equity,2025-03-26,1.3672377198334198,-0.0121743871248563,0.027344264362179738,4
3988 HK Equity,2025-08-29,0.0,-0.027069668204378172,0.084683293997587,1
3988 HK Equity,2026-03-30,-1.4286843118916785,0.029108783574041674,0.0648967246581531,0
3993 HK Equity,2019-08-27,-2.1831089907392354,-0.0069370865159342765,0.1345755631574339,0
3993 HK Equity,2020-03-29,-0.2739950859325683,-0.023465600909767015,0.15202974021441773,1
3993 HK Equity,2020-08-28,0.14020607781694,0.00722591509269066,0.06501738518795785,2
3993 HK Equity,2021-03-22,0.17742192545038435,-0.022671912916347403,-0.09501462010560702,2
3993 HK Equity,2021-08-20,0.9886082299888057,-0.0316616727394754,-0.10713282590424666,3
3993 HK Equity,2022-03-18,1.113791150820529,0.03143360108031812,0.0740246893582508,3
3993 HK Equity,2022-08-21,1.2622859201075332,0.024577994441947193,0.028415504636739475,4
3993 HK Equity,2023-03-17,-0.8936851900946163,0.03289786289873686,0.031410199704858144,0
3993 HK Equity,2023-08-25,-3.5795132935557166,-0.020648219599723627,0.0013895491694639883,0
3993 HK Equity,2024-03-22,2.8220324943852972,0.05473336320204558,0.017826891252927357,4
3993 HK Equity,2024-08-23,1.5659282564705739,0.017367964576309403,-0.21480770037110974,4
3993 HK Equity,2025-03-21,0.16887537174891368,0.04199538102937683,0.0710861523840336,2
3993 HK Equity,2025-08-22,1.020328099140802,0.08937647979888497,0.33612578882305844,3
3993 HK Equity,2026-03-27,1.0443474064395692,-0.01910848900089479,0.02450112127069759,3
5 HK Equity,2019-08-04,0.3445425957196091,0.005239966051638345,-0.021812767535361655,2
5 HK Equity,2020-02-18,-2.5784235315631396,-0.029538481946640993,-0.18973944151935085,0
5 HK Equity,2020-08-03,-1.2509808278785803,-0.05147943085231821,-0.0057533568466272555,0
5 HK Equity,2021-02-22,0.748919961851091,0.025640843613481068,0.14558054619258376,3
5 HK Equity,2021-08-02,1.0261311912907511,-0.012489889060580683,0.14821705861969725,3
5 HK Equity,2022-02-21,0.595550048820296,0.006477433318183623,0.04507494952955238,3
5 HK Equity,2022-08-01,0.13949129261907312,0.055572205003540986,0.025633234805293226,2
5 HK Equity,2023-02-21,0.20628637550176032,0.0545137305147122,0.0752131967448969,2
5 HK Equity,2023-08-01,2.1842438240000193,0.012629825540247497,0.008752129089368177,4
5 HK Equity,2024-02-21,-0.25574307588727235,-0.07917687671014317,0.12187687718773299,1
5 HK Equity,2024-07-31,0.16545619666761655,0.0031776170057933317,-0.11228192514008484,2
5 HK Equity,2025-02-19,0.37269601603044217,0.01682802095674163,0.06258405492464347,2
5 HK Equity,2025-07-30,-1.3406858530022912,-0.016703413664487576,0.002095950158030213,0
5 HK Equity,2026-02-25,0.904749056078226,0.07956395939178473,0.0873053682858983,3
6 HK Equity,2019-07-31,-0.3589673366500107,-0.014390656551119263,0.044392006601030265,1
6 HK Equity,2020-03-18,-0.214410678101292,-0.028215847678274786,-0.1295878228409637,1
6 HK Equity,2020-08-05,-2.0524941122161855,-0.016588965504555353,-0.044418549005936336,0
6 HK Equity,2021-03-17,0.5510307638933775,-0.011902399771730021,0.16183147104286588,3
6 HK Equity,2021-08-04,0.3561204004439148,-0.00037679205277996175,0.00021583982365469545,2
6 HK Equity,2022-03-16,-0.32147243330406305,-0.16260009485380444,0.026905910808973754,1
6 HK Equity,2022-08-03,0.5099825346722111,-0.04516899456771917,0.03510505720509893,3
6 HK Equity,2023-03-15,-1.1247426683080242,-0.010387502122412684,-0.025918276315460842,0
6 HK Equity,2023-08-02,0.10589631152631523,0.011330659543775545,0.06915741914173024,2
6 HK Equity,2024-03-20,0.5240726375937791,0.003756882543197282,-0.1512545184437747,3
6 HK Equity,2024-08-14,0.09351437771443936,-0.0007890016887059925,-0.23624249769095396,2
6 HK Equity,2025-03-19,0.1571568519931462,-0.019871552120690694,0.13878933299904195,2
6 HK Equity,2025-08-13,0.09909089572155554,-0.04849799493031748,-0.03664960295270836,2
6 HK Equity,2026-03-18,0.20607748412713253,0.026425893176129533,-0.004746330852866354,2
6160 HK Equity,2020-08-07,-1.3519656422552166,-0.009245137981017115,0.23351596391214913,0
6160 HK Equity,2021-02-26,0.48049282672566446,0.01262060985214808,0.05678092707050442,3
6160 HK Equity,2021-08-05,1.2882509432528293,-0.01924726857366732,0.17451995328291026,4
6160 HK Equity,2022-02-25,-0.132092736545257,0.050995784842420844,-0.27703931885347544,1
6160 HK Equity,2022-08-04,-1.472651134305195,0.13207686102542948,0.15227375929426623,0
6160 HK Equity,2023-02-27,0.25761183987597774,8.826680117701713e-05,0.11857877105854975,2
6160 HK Equity,2023-08-02,0.7302279796714682,-0.0454453518223259,0.06455994046458602,3
6160 HK Equity,2024-08-07,1.8436993776677566,0.05800512167819427,-0.07668241177754354,4
6160 HK Equity,2025-02-27,1.062699857648263,0.06714930384259721,-0.11236931501401037,3
6160 HK Equity,2025-08-06,1.1047714729327038,-0.027589249129832405,-0.027594152941677663,3
6160 HK Equity,2026-02-26,1.0012088343440777,-0.09635137920381653,-0.026223928778589145,3
66 HK Equity,2019-08-08,-0.7233948968356669,0.014577540637505937,-0.12243114490470608,0
66 HK Equity,2020-03-05,-1.0294209666059877,-0.006417923890225441,0.01930140034739669,0
66 HK Equity,2020-08-06,-2.243313146256082,0.012608447865091743,-0.038661876217774616,0
66 HK Equity,2021-03-11,-3.31281828974981,-0.04215733688565271,-0.05109216646979975,0
66 HK Equity,2021-08-12,0.7338182810588574,0.025692332043998567,-0.010698092161918527,3
66 HK Equity,2022-03-10,2.37472615369694,0.028585445001609644,0.011207594491265294,4
66 HK Equity,2022-08-11,0.26607754781872933,-0.010615580393612323,0.045451285641171846,2
66 HK Equity,2023-03-09,-0.23048353751887257,0.026533777763228295,-0.05121724552045159,1
66 HK Equity,2023-08-10,-0.072004553650518,0.004617639498599946,-0.07567158045475708,1
66 HK Equity,2024-03-07,-0.20578293556429703,0.009134237777759124,-0.06075191818590131,1
66 HK Equity,2024-08-15,0.3761540362833482,0.027185445422608145,-0.10158283532449763,2
66 HK Equity,2025-03-06,1.2391433809572105,-0.02320027225261545,0.09879969254443943,3
66 HK Equity,2025-08-14,0.5620275555127906,-0.016274206090069465,0.06209692478846485,3
66 HK Equity,2026-03-12,-0.7164905904217611,-0.0612990015454602,0.036615647643084004,0
6618 HK Equity,2024-03-20,0.055397064650999396,-0.021738543004353073,-0.3401386991239016,2
6618 HK Equity,2024-08-15,0.06810825450126408,0.030387902773295394,0.1203634448888653,2
6618 HK Equity,2025-03-06,0.24255695271452846,-0.10203430514386513,0.1257994666148583,2
6618 HK Equity,2025-08-14,1.151802501027719,0.10814214696353741,-0.009073367369834218,3
6618 HK Equity,2026-03-05,1.3216055994478002,-0.0645342087140357,-0.18606390031105657,4
669 HK Equity,2019-08-14,3.23321979570672,-0.01959896626387303,0.09113542564907728,4
669 HK Equity,2020-03-04,3.784008471766833,0.028131055657271364,0.16552533849182638,4
669 HK Equity,2020-08-12,5.0,0.07509800347403606,-0.0021354378486491132,4
669 HK Equity,2021-03-03,5.0,-0.042876801533592745,0.1639559587824404,4
669 HK Equity,2021-08-11,4.593827643860268,0.11686017061562193,0.10081830872353881,4
669 HK Equity,2022-03-02,1.5235122445089266,0.06960899082463057,-0.1996683694497755,4
669 HK Equity,2022-08-10,0.826730545620933,0.0701043108550432,0.03281081042963918,3
669 HK Equity,2023-03-01,-1.2189015773577911,0.0347414485079538,0.01712536691856048,0
669 HK Equity,2023-08-09,-1.10790032652804,-0.1753430466273075,0.03329365593032252,0
669 HK Equity,2024-03-06,0.01081784663701613,0.06919666573896532,-0.06293861923090427,2
669 HK Equity,2024-08-06,0.6772852357424644,-8.019759590038866e-05,-0.030127597201124123,3
669 HK Equity,2025-03-04,0.8592257934465344,-0.05697333752633138,-0.1314056206491011,3
669 HK Equity,2025-08-05,1.0046804063029326,-0.003465909480756979,-0.08872167951786836,3
669 HK Equity,2026-03-03,-0.013562812937360776,0.0016179311025629195,-0.0324390386817166,1
6690 HK Equity,2021-03-30,2.341319191362365,0.03872049759241314,-0.14446042680616267,4
6690 HK Equity,2021-08-30,1.265434961268077,0.005921768954895157,0.05954228641692383,4
6690 HK Equity,2022-03-30,-0.904283977083363,0.048483962869281694,0.11954390117917857,0
6690 HK Equity,2022-08-29,0.35738076824081283,0.04604785827459268,0.09874996948252546,2
6690 HK Equity,2023-03-30,0.2118612299901837,-0.04541923343992904,0.02324732685667108,2
6690 HK Equity,2023-08-30,0.3557165062256801,0.02657011882589133,0.007521512483574244,2
6690 HK Equity,2024-03-27,0.42580033837603903,0.07494347363211296,0.0007062671428963441,2
6690 HK Equity,2024-08-27,0.9292354484903084,-0.05235645056052318,0.0719286050243324,3
6690 HK Equity,2025-03-27,0.508725239732393,-0.05843533610190177,-0.08288681588415481,3
6690 HK Equity,2025-08-28,4.655534080813083,0.042906170721263126,-0.011720972905483462,4
6690 HK Equity,2026-03-26,-1.8663861123036185,-0.06006887140574568,0.005864888204672569,0
6862 HK Equity,2020-08-25,-5.0,0.01005503871310609,0.15588757919913343,0
6862 HK Equity,2021-03-23,-0.16431773664580948,-0.014659396256257451,-0.33894000347015685,1
6862 HK Equity,2021-08-24,1.220537515469416,0.035442997823450284,-0.27962343587050575,3
6862 HK Equity,2022-03-23,-5.0,0.130410415075221,0.11945283087123304,0
6862 HK Equity,2022-08-30,-0.15301937181653086,0.05548190157535515,-0.1365865803608849,1
6862 HK Equity,2023-03-30,2.457223970683514,0.01628802363200088,-0.10129567124141947,4
6862 HK Equity,2023-08-29,0.6700349893516307,-0.012415260159392316,-0.1834848061828147,3
6862 HK Equity,2024-03-26,0.15690580031549967,-0.007973457382938198,-0.20289966640253665,2
6862 HK Equity,2024-08-27,-0.05684046899265317,0.04120968318741347,0.14836453967480723,1
6862 HK Equity,2025-03-25,0.11223001519667623,0.051743410133402556,-0.15541871248492622,2
6862 HK Equity,2025-08-25,-0.1337216945991843,0.006719636742051671,-0.05495750883291406,1
6862 HK Equity,2026-03-24,-0.1565403010394731,-0.10169388709607607,-0.10950364864864748,1
688 HK Equity,2019-08-22,-0.17539155559103714,-0.027439307776736976,0.03956737018689083,1
688 HK Equity,2020-03-26,0.7095287497585101,-0.018935757292694255,-0.007190448090136137,3
688 HK Equity,2020-08-24,1.0746049213322466,-0.027722824730466833,-0.25362846077125045,3
688 HK Equity,2021-03-29,1.8715690251027264,0.008540121941874812,-0.11189279889165915,4
688 HK Equity,2021-08-23,0.22443583214374713,-0.03758178683876645,0.09519466229465601,2
688 HK Equity,2022-03-31,-2.975521913639629,-0.02269584401363145,0.10566831114264208,0
688 HK Equity,2022-08-24,-1.634860365317423,0.04025621645137689,0.04574872747834691,0
688 HK Equity,2023-03-31,-4.160715388168233,0.051542578493926294,-0.08191642291819157,0
688 HK Equity,2023-08-28,-0.5611502010001924,0.03318478567943517,-0.02427982567525455,1
688 HK Equity,2024-03-28,1.0357512068923864,0.09329874207202882,0.1311317594145145,3
688 HK Equity,2024-08-28,-0.5228588330284268,-0.022946826827493827,0.061128345404672935,1
688 HK Equity,2025-03-31,-1.1628078307677425,-0.048777607587460414,0.01818304998245912,0
688 HK Equity,2025-08-27,-0.27399676635791453,-0.007508847704875921,-0.00017618889669623883,1
688 HK Equity,2026-03-31,-0.20249014410876606,-0.005659399254369202,0.1532339900981059,1
700 HK Equity,2019-08-14,1.2443839935020349,-0.019250735450461742,-0.07852665127429914,4
700 HK Equity,2020-03-18,0.6148962922059095,0.0473876096342466,0.18974146749732457,3
700 HK Equity,2020-08-12,1.5921643148379019,-0.0204757531561075,0.0409053072739376,4
700 HK Equity,2021-03-24,5.0,-0.014823883307917729,-0.07055176768928095,4
700 HK Equity,2021-08-18,1.3583425596012801,-0.01503892909895943,0.1952665496899646,4
700 HK Equity,2022-03-23,1.7191969345144196,-0.05929043758813357,0.06483584493586148,4
700 HK Equity,2022-08-17,-2.4578928002610385,0.03504321775600849,-0.057854739368865093,0
700 HK Equity,2023-03-22,0.3346550377688294,0.052066569975264265,-0.03846682948058999,2
700 HK Equity,2023-08-16,0.2885353808376889,0.014295290273521388,-0.017137114231099315,2
700 HK Equity,2024-03-20,-2.314595463677928,0.001568932810017687,0.2519175801647442,0
700 HK Equity,2024-08-14,0.8270104677061731,-0.023160694226300182,-0.06255497101395746,3
700 HK Equity,2025-03-19,0.9036102202122255,-0.018698436393545737,0.007660426347427807,3
700 HK Equity,2025-08-13,0.3346916099169279,0.032500533201484716,0.0555690304267511,2
700 HK Equity,2026-03-18,0.4195404537221222,-0.053048110919485025,-0.07015203521213742,2
728 HK Equity,2019-08-22,0.0,0.0034529829417846436,-0.15253398952303487,2
728 HK Equity,2020-03-24,-1.1817202786452596,0.02978087408305985,-0.029709533198862825,0
728 HK Equity,2020-08-18,0.0,0.01790895881323662,-0.18770971184193685,2
728 HK Equity,2021-03-09,0.33033081013677396,-0.001651492322132242,-0.038028077764486024,2
728 HK Equity,2021-08-10,4.609048664801373,0.055341076505001974,-0.07391567308245983,4
728 HK Equity,2022-03-17,0.3614213556202825,-0.013960937480870905,-0.041293786447859415,2
728 HK Equity,2022-08-16,-0.9239092536733678,0.01970153252766671,0.14970650318798473,0
728 HK Equity,2023-03-22,0.34279556606610007,-0.036205720318977175,-0.03371300397519583,2
728 HK Equity,2023-08-08,0.8720555326599025,0.017458557731944713,-0.017904374374664078,3
728 HK Equity,2024-03-26,0.47096968532443023,0.004904805495324571,0.08187335096829829,2
728 HK Equity,2024-08-20,0.8842473823188203,0.027663749357132672,-0.12172493788114092,3
728 HK Equity,2025-03-25,0.6736429464051459,0.005736131618647278,-0.054724671768767164,3
728 HK Equity,2025-08-14,0.6793427051847213,0.02945320413524455,-0.10663904557481785,3
728 HK Equity,2026-03-24,-2.1173650675833953,-0.05113722954403899,-0.017368746842423732,0
762 HK Equity,2019-08-14,0.4483819069482541,0.08992033754160667,-0.114954699431839,2
762 HK Equity,2020-03-23,0.08947174518888007,0.03838865388888768,-0.0796254192021868,2
762 HK Equity,2020-08-12,0.49672103457675987,0.24502403074237322,-0.07253794736142971,3
762 HK Equity,2021-03-11,0.25214009586723546,-0.051209535621485114,-0.03477586364550489,2
762 HK Equity,2021-08-19,0.8283015000874996,0.034977294266540615,-0.0844549055167213,3
762 HK Equity,2022-03-11,0.15694931248169142,0.023044750688037907,-0.10649101109603143,2
762 HK Equity,2022-08-08,3.6069348671480417,0.05539092946403379,0.1633456770208107,4
762 HK Equity,2023-03-08,0.8529453489922334,0.07115960910700514,-0.023284722073345643,3
762 HK Equity,2023-08-09,1.9685915055668732,0.029446110012988358,-0.011766539719369473,4
762 HK Equity,2024-03-19,0.8613361467033398,0.034998245205102974,0.11086636567921926,3
762 HK Equity,2024-08-15,2.4638684564103444,0.026735428927632254,-0.06696935653789593,4
762 HK Equity,2025-03-18,0.7835101691384895,-0.02264600074932477,0.09392907619232427,3
762 HK Equity,2025-08-12,1.0609256021536693,-0.013586295839818296,-0.04956785967071675,3
762 HK Equity,2026-03-19,-1.1226729544168572,-0.008285624868941133,0.007063044238534211,0
823 HK Equity,2019-06-29,-2.1082319631277735,0.008839218340495059,-0.027859952003341237,0
823 HK Equity,2019-12-29,-0.13973046403012276,0.011053492624351735,-0.027018345028912427,1
823 HK Equity,2020-06-29,-2.340326424342957,-0.002059992659141585,0.024871468764559146,0
823 HK Equity,2020-12-29,-0.5249318199803914,-0.005930289443637493,-0.06198340062908625,1
823 HK Equity,2021-06-29,1.4699635447750763,0.000526827781839323,0.027917727192201647,4
823 HK Equity,2021-12-29,0.47707072485052476,0.017556174014081716,0.03228894531039772,3
823 HK Equity,2022-06-29,-0.20403087082873936,0.005780299766978247,0.1074126429577833,1
823 HK Equity,2022-12-29,0.3515743846057585,0.01827017919467766,-0.12157223944867435,2
823 HK Equity,2023-06-29,0.03628697695892344,-0.0025107424792946142,-0.08850580827237009,2
823 HK Equity,2023-12-29,-1.189691876047841,0.012688120541712977,-0.21614418658980716,0
823 HK Equity,2024-06-29,-0.015213015092690156,-0.013032088235353623,0.16325381126219995,1
823 HK Equity,2024-12-29,-0.024462353689441555,4.656848982542705e-06,-0.044470121684897945,1
823 HK Equity,2025-06-29,-0.675536502382244,-0.004474753787903851,-0.14554970583424942,0
823 HK Equity,2025-12-29,0.21612748897417755,-0.007659853700029862,0.07257577494322898,2
836 HK Equity,2019-08-14,0.5022548975454507,-0.05077100101609955,-0.06793542267798536,3
836 HK Equity,2020-03-30,0.774623814998369,-0.0038628229119017643,0.07282746174163579,3
836 HK Equity,2020-08-17,0.23872092587125807,-0.05609983179893274,-0.1288211987069584,2
836 HK Equity,2021-03-18,0.40378119497768467,0.1478811877439261,-0.04668982503551944,2
836 HK Equity,2021-08-20,0.9291082698767358,0.24572522713423284,0.013846741309682553,3
836 HK Equity,2022-03-16,-5.0,0.0273341376951306,-0.08934617820216118,0
836 HK Equity,2022-08-17,-0.4051928293293103,0.07695904231419504,0.011664918905163413,1
836 HK Equity,2023-03-22,2.039376088218354,-0.008136308432489692,0.042085107863886084,4
836 HK Equity,2023-08-22,0.5743506517814523,0.003815221449278372,0.016300984886302494,3
836 HK Equity,2024-03-20,0.3776294677050428,-0.055600577298306475,0.2960542444890668,2
836 HK Equity,2024-08-27,0.6239021333523048,-0.005402841996816288,-0.2340603301558657,3
836 HK Equity,2025-03-20,0.15703844519407079,0.03422096211611991,0.03849486010589864,2
836 HK Equity,2025-08-21,-0.8387508299767001,-0.08059075472624011,0.026993476998124155,0
836 HK Equity,2026-03-18,0.4577084517607743,0.015272477922118388,0.06706005841304896,2
857 HK Equity,2019-08-29,0.1557517147263054,0.038711425228156626,-0.07354089939998965,2
857 HK Equity,2020-03-26,-1.20991811815409,-0.028572327646614548,0.005694604107563617,0
857 HK Equity,2020-08-27,-5.0,-0.01210810741015933,-0.018937480446761246,0
857 HK Equity,2021-03-25,1.1562963924698255,-0.004132822073537934,0.40051960996755276,3
857 HK Equity,2021-08-26,2.6428034853984887,0.020452542170819044,0.1922204038040597,4
857 HK Equity,2022-03-31,-0.21093267389001547,-0.023004490240000397,-0.03396780789385945,1
857 HK Equity,2022-08-25,0.6178459553698874,0.0034348408158422217,0.09711637072690227,3
857 HK Equity,2023-03-28,0.5787226863741205,-0.013151704832647049,0.3664448533483621,3
857 HK Equity,2023-08-30,0.07714136776916827,0.0037236825547564134,0.008125056040107603,2
857 HK Equity,2024-03-25,0.28720629298549916,0.006811158955200014,0.13948858717168466,2
857 HK Equity,2024-08-26,0.11226492552089123,0.04274261256785805,-0.2632847797015412,2
857 HK Equity,2025-03-30,-0.016792985624234466,0.05161912726580764,0.05651649679760573,1
857 HK Equity,2025-08-26,-0.28119768122828565,0.012276130157419907,0.18679448735216075,1
857 HK Equity,2026-03-29,-0.22867173469825994,-0.013498309780208495,-0.09044958833695249,1
868 HK Equity,2019-08-07,0.468559445899007,0.0263521256690622,0.14981463536831852,2
868 HK Equity,2020-03-16,0.4922108345727379,-0.011784310217473948,0.13769327359735284,3
868 HK Equity,2020-08-03,-3.5150042686012193,0.040271705182512774,0.42134437050685325,0
868 HK Equity,2021-03-01,5.0,0.07204871383619715,0.325692779327311,4
868 HK Equity,2021-08-02,3.387409100648079,0.04271473025797601,-0.23149548734373449,4
868 HK Equity,2022-02-28,0.6168136332357699,0.03836128718542442,-0.02619151286437882,3
868 HK Equity,2022-08-01,-1.152509498397575,-0.03630035246098806,0.003584921646177852,0
868 HK Equity,2023-02-27,-1.967381143340983,-0.03561045437096688,-0.13767903822571836,0
868 HK Equity,2023-07-31,-0.38846097749086667,-0.034859332017936895,-0.09865767603699138,1
868 HK Equity,2024-02-28,0.26454562912051754,0.0665215734839324,0.12593745439796455,2
868 HK Equity,2024-07-31,0.10107000808488378,0.016522023640313632,-0.05504793219605819,2
868 HK Equity,2025-03-02,-0.9626084375536536,-0.008082817737867565,0.013139362640786967,0
868 HK Equity,2025-08-01,-0.7753382148152406,-0.032923743808105366,0.15441564075760872,0
868 HK Equity,2026-02-27,0.5228826478024549,0.17336272596734137,-0.10400418102967379,3
883 HK Equity,2019-08-29,0.46984674674243193,0.055488277659261565,-0.002648018258974094,2
883 HK Equity,2020-03-25,0.36523001590725285,0.03416270284108647,0.15689111718733373,2
883 HK Equity,2020-08-19,-2.1655976892670727,0.018252561200852946,-0.06061916465101458,0
883 HK Equity,2021-03-25,-1.252408668313426,0.020765509452852493,0.09363707879684946,0
883 HK Equity,2021-08-19,1.6054076640472128,-0.0042097153207627525,0.04120958717855583,4
883 HK Equity,2022-03-30,1.2511395115092205,-0.0196627560890561,0.06369171457898437,4
883 HK Equity,2022-08-25,1.9090513795966524,-0.009986792638400743,0.15133120783136977,4
883 HK Equity,2023-03-29,1.2423278011936991,-0.002029440399501592,0.0833077468300194,4
883 HK Equity,2023-08-17,-0.42577424045294626,0.031756863079148934,0.06997860745634177,1
883 HK Equity,2024-03-21,-0.41802637924315683,-0.017277980691683403,0.21920070109893874,1
883 HK Equity,2024-08-28,0.7662877448830119,-0.004415406727022786,-0.25480285313386064,3
883 HK Equity,2025-03-27,-0.0896559147498065,0.005678201602939081,-0.0308796253994863,1
883 HK Equity,2025-08-27,-0.49964388460402176,0.04220691098717322,0.09993974372283199,1
883 HK Equity,2026-03-26,-0.32857457211627966,0.034809637410157745,-0.18131291378564074,1
939 HK Equity,2019-08-28,3.071100035848455,-0.0032107299292716274,0.05898461622575257,4
939 HK Equity,2020-03-29,0.43776012999727193,0.0028740013770098827,-0.04583790411072741,2
939 HK Equity,2020-08-30,-5.0,-0.01900920849319032,0.06143508812506959,0
939 HK Equity,2021-03-26,2.4891145883701506,0.03287559759611014,-0.11067165792710287,4
939 HK Equity,2021-08-27,1.0893978268904183,-0.006660284233570568,-0.028944499017349523,3
939 HK Equity,2022-03-29,0.7884875387037644,-0.013021857425667305,-0.000360071923895533,3
939 HK Equity,2022-08-30,0.6941141080866363,0.005473892435102323,0.08449346216773257,3
939 HK Equity,2023-03-29,0.940527499548493,-0.022459270553669475,0.06857506943921288,3
939 HK Equity,2023-08-23,0.3509332200351807,-0.011350777433868364,0.14310188316024497,2
939 HK Equity,2024-03-28,0.28996532686931636,-0.02243878941544386,0.15880533057101864,2
939 HK Equity,2024-08-30,-0.4941161383826482,-0.030260630601984917,-0.020518293250337827,1
939 HK Equity,2025-03-28,0.6377427704183954,0.0386944196508211,0.14963159892493882,3
939 HK Equity,2025-08-29,-0.4349470810331772,-0.02210829336225495,0.07721713752487713,1
939 HK Equity,2026-03-27,0.803307435421506,0.032921335611182934,0.05490235821837153,3
941 HK Equity,2019-08-08,-5.0,0.029941735848127538,-0.049290331768739426,0
941 HK Equity,2020-03-19,-0.28730737290056774,0.09993057449396359,-0.05417872196872242,1
941 HK Equity,2020-08-13,-0.08357734725972994,0.032272605662125975,-0.1169271454662798,1
941 HK Equity,2021-03-25,0.31486928868719355,-0.04089949206257404,-0.023857905724132822,2
941 HK Equity,2021-08-12,0.7776777997242904,0.03782638080092404,-0.008942995736469173,3
941 HK Equity,2022-03-23,1.0875348186643399,0.032526492836356447,-0.0767086720168636,3
941 HK Equity,2022-08-11,1.5841201940907752,-0.01528659230032825,0.14085669775873766,4
941 HK Equity,2023-03-23,-1.143924353868344,-0.030737240371041308,0.102871488717169,0
941 HK Equity,2023-08-02,1.2858765078591579,0.013271367173362303,0.13046120084694524,4
941 HK Equity,2024-03-21,0.09456592677243877,0.020804176703223765,0.04237979522969648,2
941 HK Equity,2024-08-08,0.8929495736250926,-0.015372944324134274,-0.18841701242123143,3
941 HK Equity,2025-03-20,0.49786635476802577,0.03007690587173073,0.07012715739699005,3
941 HK Equity,2025-08-07,0.717038475119251,0.017860219678231593,-0.014504480523532592,3
941 HK Equity,2026-03-26,-1.6071790818358118,0.02225922307963446,0.09717506737920611,0
960 HK Equity,2019-08-26,0.8196417262584832,0.012628223145994655,0.11462016294554633,3
960 HK Equity,2020-03-24,1.1737719674446714,0.07636894570708508,0.007165365159181647,3
960 HK Equity,2020-08-26,0.006410833128429802,-0.0006220301996595623,0.20630734447832833,2
960 HK Equity,2021-03-26,1.527507074640198,0.11600323290668557,-0.1496863311108898,4
960 HK Equity,2021-08-25,1.2289459819544122,-0.013866018831085403,0.15654175180732133,3
960 HK Equity,2022-03-25,3.141780250855995,0.010599197135724436,-0.08833531406307393,4
960 HK Equity,2022-08-26,0.05936297113603219,0.024964751361941984,-0.13835356657207754,2
960 HK Equity,2023-03-17,0.06957109428545553,0.01766107023971908,-0.09018839513103771,2
960 HK Equity,2023-08-18,0.2575738984516622,-0.032558971301452466,-0.19066772769313334,2
960 HK Equity,2024-03-22,-5.0,0.026880117638243273,-0.021990472742550615,0
960 HK Equity,2024-08-23,-0.4595599596479588,0.016858287084163148,0.14929562264877827,1
960 HK Equity,2025-03-28,-0.08771632187208558,-0.02625825143736915,-0.09730959648910831,1
960 HK Equity,2025-08-29,-0.5166415866264708,-0.00013748646737887782,-0.11258531672813621,1
960 HK Equity,2026-03-27,-1.2664821182546253,-0.04049290015702256,-0.14683551639289205,0
9633 HK Equity,2022-08-24,1.2633878312482096,-0.0063351463391343454,0.036228976702769033,4
9633 HK Equity,2023-03-28,1.9120800546505172,-0.014334773611534013,0.0057549032193973115,4
9633 HK Equity,2023-08-29,3.1441229820339838,-0.018246629112029566,0.1183724755171548,4
9633 HK Equity,2024-03-26,5.0,0.012229691264790898,-0.16508118415392903,4
9633 HK Equity,2024-08-27,0.6600079885375364,-0.1013011736402909,0.09084447281377139,3
9633 HK Equity,2025-03-25,-0.574908171975598,-0.07027911658775243,0.18202803562543268,1
9633 HK Equity,2025-08-26,1.5240439418684075,0.09453633778025528,-0.01149125873515211,4
9633 HK Equity,2026-03-24,2.4677630583906143,0.09143167033250665,0.04307743734459035,4
968 HK Equity,2019-08-07,-1.169244712483021,0.06052446249539534,0.002148083651157373,0
968 HK Equity,2020-03-16,2.744278933278486,-0.019276771854799146,0.27540318012446363,4
968 HK Equity,2020-08-03,0.9581789705913728,0.07766608009322984,0.5172881637373413,3
968 HK Equity,2021-03-01,3.2875992711189506,-0.03589917323742586,-0.11978509546623539,4
968 HK Equity,2021-08-02,1.795531399534439,0.12174318714312515,-0.05315639269244332,4
968 HK Equity,2022-02-28,-1.574441541305981,-0.02239002040055338,0.06926884001649303,0
968 HK Equity,2022-08-01,-0.9767608773322041,-0.02778427958979124,-0.1281965913770633,0
968 HK Equity,2023-02-27,0.04471313707082143,-0.09730062208771184,0.0005144893803614714,2
968 HK Equity,2023-07-31,-0.381670106004694,-0.10589003335178915,-0.22103338828096097,1
968 HK Equity,2024-02-28,0.5358109529485975,0.20663959788232744,0.045108788954128176,3
968 HK Equity,2024-07-31,0.48938172715716305,0.019429867787631228,-0.08552089907777427,3
968 HK Equity,2025-02-28,-3.8164678928756923,0.021793546503542927,-0.3539537575247824,0
968 HK Equity,2025-08-01,-0.7461112136076039,0.011318533559690702,0.1775126534191982,0
968 HK Equity,2026-02-27,0.6150878139978877,-0.01701062435910572,-0.1584189198967555,3
981 HK Equity,2019-08-08,-0.9560247965663282,0.05541212764230563,0.09999009039332662,0
981 HK Equity,2020-02-13,2.366443638362368,0.0027557727610360017,0.3019674350887225,4
981 HK Equity,2020-08-06,1.5983780725212375,-0.04288148480193632,-0.24645785049858748,4
981 HK Equity,2021-02-04,1.085965163413561,-0.12637172988053735,0.014953178240160181,3
981 HK Equity,2021-08-05,3.333081409262889,0.057769469165029896,-0.13939480720072073,4
981 HK Equity,2022-02-10,1.30631689767795,0.030245535070023477,-0.005881589676914878,4
981 HK Equity,2022-08-11,0.3711075482513999,-0.03229996173359195,0.17114398792075647,2
981 HK Equity,2023-02-09,0.00506684835584603,-0.005958674195981284,0.23706161709010776,2
981 HK Equity,2023-08-10,-1.631259510477763,-0.016957594498370976,0.3748037567609115,0
981 HK Equity,2024-02-06,-1.9821710142990072,-0.036871671907368064,-0.018152487245973514,0
981 HK Equity,2024-08-08,-0.9554956727512979,0.03678433226289224,0.4778180588984813,0
981 HK Equity,2025-02-11,-0.042165903997474274,-0.012471083323083443,-0.19104896164447638,1
981 HK Equity,2025-08-07,0.2970161350497326,-0.07282510797164243,0.4301813492151647,2
981 HK Equity,2026-02-10,0.3980016209666417,-0.01382622083071472,0.06424019878797893,2
992 HK Equity,2019-02-21,0.26755111858484404,0.16394490391671668,-0.11215443660006208,2
992 HK Equity,2019-08-15,-0.12661876192922855,-0.0887218580316923,-0.042840283427230785,1
992 HK Equity,2020-02-20,0.41260279321238497,0.03651158931606335,-0.13945263630946503,2
992 HK Equity,2020-08-13,0.9947393040988266,-0.036693740385431606,0.06767584522073555,3
992 HK Equity,2021-02-03,2.105828665518747,0.017991202583317212,0.06919796019275937,4
992 HK Equity,2021-08-11,1.6889485428030315,0.09315227139887605,0.05738329923047969,4
992 HK Equity,2022-02-22,0.2848707217854183,-0.0044476928132105575,-0.03276450195731995,2
992 HK Equity,2022-08-10,-2.4626649814626087,0.0073394255582037715,0.06286925229012996,0
992 HK Equity,2023-02-17,-1.7177202190437562,0.019077212162311064,0.16876970128731017,0
992 HK Equity,2023-08-17,0.05307300660535617,-0.057704979171996906,0.312513331720206,2
992 HK Equity,2024-02-22,0.34152483209562745,-0.01473083067286296,0.18101993209932044,2
992 HK Equity,2024-08-15,0.4540285368043183,-0.061992865386155005,-0.15013693631091385,2
992 HK Equity,2025-02-20,0.649332281142394,0.057815758588450894,-0.3067281526347927,3
992 HK Equity,2025-08-14,0.7258241935422468,-0.04734694849465304,-0.04968235811875332,3
9992 HK Equity,2022-08-25,-0.014318529095955644,0.029318848685948584,-0.15176154780835804,1
9992 HK Equity,2023-03-29,-0.21527789566206196,0.026862428579303543,-0.12435523968827922,1
9992 HK Equity,2023-08-22,0.10551165145934129,0.09533762790626343,0.012634798093062338,2
9992 HK Equity,2024-03-20,0.3326480884868964,0.22546081766566717,0.27420223014930567,2
9992 HK Equity,2024-08-20,0.7485948491069568,0.1246299474863245,0.5190479898809877,3
9992 HK Equity,2025-03-26,5.0,0.2011464266496117,0.6208979189275448,4
9992 HK Equity,2025-08-19,5.0,0.10998590538415565,-0.3604382642993309,4
9992 HK Equity,2026-03-25,4.13062116217047,-0.29790003393346154,0.15853403565982171,4
