ticker,NAME,GICS_SECTOR_NAME,CUR_MKT_CAP,EQY_SH_OUT,PE_RATIO,PX_TO_BOOK_RATIO,EQY_DVD_YLD_IND,ID_ISIN,CRNCY,EQY_FREE_FLOAT_PCT
1876 HK Equity,BUDWEISER BREWING CO APAC LT,Consumer Staples,78731995165.00002,13243.4,18.15067212864289,1.0154884519160556,7.4575857719119805,KYG1674K1013,,
1928 HK Equity,SANDS CHINA LTD,Consumer Discretionary,99467634866.13998,8093.379999999999,14.38897543216314,9.851931661036948,8.136696501220506,KYG7800X1079,,
1929 HK Equity,CHOW TAI FOOK JEWELLERY GROU,Consumer Discretionary,109022959760.00002,9866.331,12.130673357457304,3.519546180001856,6.063348567323986,KYG211461085,,
1997 HK Equity,WHARF REAL ESTATE INVESTMENT,Real Estate,91815514368.48,3036.227,,0.5104677140377352,5.291005369847414,KYG9593A1040,,
2 HK Equity,CLP HOLDINGS LTD,Utilities,195168306532.50003,2526.451,18.018274378783545,1.766836618316706,4.142394883732965,HK0002007356,,
2015 HK Equity,LI AUTO INC-CLASS A,Consumer Discretionary,98349484824.54,1718.196,,,,KYG5479M1050,,
2020 HK Equity,ANTA SPORTS PRODUCTS LTD,Consumer Discretionary,200520041610.0,2796.653,10.592968412820987,2.3664121711729105,3.612273241519263,KYG040111059,,
2057 HK Equity,ZTO EXPRESS CAYMAN INC,Industrials,124897296221.6,557.3308999999999,,,1.868209658158729,KYG9897K1058,,
2269 HK Equity,WUXI BIOLOGICS CAYMAN INC,Health Care,209043474013.0999,4155.934,34.69740032467632,3.7015148832966593,,KYG970081173,,
2313 HK Equity,SHENZHOU INTERNATIONAL GROUP,Consumer Discretionary,52719486774.76,1502.836,9.878518246544818,1.2055141330042922,5.929304229492745,KYG8087W1015,,
2318 HK Equity,PING AN INSURANCE GROUP CO-H,Financials,1060725792596.9938,7447.576999999999,4.962198709048731,0.7962264518018211,5.990135996154843,CNE1000003X6,,
2319 HK Equity,CHINA MENGNIU DAIRY CO,Consumer Staples,68829802881.14,3871.193,31.38614037362167,1.4452606177323155,3.383509621979549,KYG210961051,,
2331 HK Equity,LI NING CO LTD,Consumer Discretionary,32542805150.27,2584.814,9.195805886301304,0.9694756650805932,5.406469367059855,KYG5496K1242,,
2338 HK Equity,WEICHAI POWER CO LTD-H,Industrials,274961734858.2301,1943.04,17.99775016147279,2.430210866583471,3.286568781784473,CNE1000004L9,,
2359 HK Equity,WUXI APPTEC CO LTD-H,Health Care,571344146010.8673,540.2678999999999,24.700600928491312,6.101556002141077,0.5941653179979037,CNE100003F19,,
2382 HK Equity,SUNNY OPTICAL TECH,Information Technology,72344589840.0,1078.965,12.92601562018992,2.1685356600457557,1.8229646348490989,KYG8586D1097,,
2388 HK Equity,BOC HONG KONG HOLDINGS LTD,Financials,548727295805.4,10572.78,13.156384160798616,1.5226944604601498,4.094412331406551,HK2388011192,,
241 HK Equity,ALIBABA HEALTH INFORMATION T,Consumer Staples,49092038428.775,16175.3,21.55949303547435,2.337946460886418,7.464676064360868,BMG0171K1018,,
2600 HK Equity,ALUMINUM CORP OF CHINA LTD-H,Materials,176683507306.2075,3943.966,6.793403551946349,1.4058858977477515,6.070059166965261,CNE1000001T8,,
2618 HK Equity,JD LOGISTICS INC,Industrials,69270140427.39998,6628.722,7.647097889966574,1.0482226756092297,,KYG5074S1012,,
2628 HK Equity,CHINA LIFE INSURANCE CO-H,Financials,1140872468318.4194,7441.174999999999,2.8669425095281342,1.06887804821712,3.8512258769540377,CNE1000002L3,,
267 HK Equity,CITIC LTD,Industrials,379337024695.2,29090.26,5.287836691005921,0.4044567844466217,5.294474904522574,HK0267001375,,
2688 HK Equity,ENN ENERGY HOLDINGS LTD,Utilities,56184501064.96,1131.839,7.668383724240292,0.997323072121126,6.103948371051109,KYG3066L1014,,
27 HK Equity,GALAXY ENTERTAINMENT GROUP L,Consumer Discretionary,143113586468.15997,4379.241,13.350207771869863,1.6913820319456982,5.201958530243928,HK0027032686,,
285 HK Equity,BYD ELECTRONIC INTL CO LTD,Information Technology,53400946650.00001,2253.205,20.52864674758508,1.3180660913478517,0.7613062984329738,HK0285041858,,
288 HK Equity,WH GROUP LTD,Consumer Staples,84871902323.25002,12830.22,6.985153046016903,0.969259447394153,9.221466580576186,KYG960071028,,
2899 HK Equity,ZIJIN MINING GROUP CO LTD-H,Materials,962403188246.2068,5988.920999999999,11.454614144283635,3.764817937301616,2.711077985109889,CNE100000502,,
291 HK Equity,CHINA RESOURCES BEER HOLDING,Consumer Staples,59400879130.54999,3244.177,18.507219005715307,1.4255616917016958,6.348940923785591,HK0291001490,,
3 HK Equity,HONG KONG & CHINA GAS,Utilities,132018580943.35,18659.87,20.74828679049695,2.1945161005655445,4.946996382184247,HK0003000038,,
300 HK Equity,MIDEA GROUP CO LTD-H,Consumer Discretionary,752753787062.6083,650.7484999999999,14.505789541519524,3.021486365707747,5.033316364317215,CNE100006M58,,
316 HK Equity,ORIENT OVERSEAS INTL LTD,Industrials,96480538691.7,660.3733,9.565993178347105,0.8869397884651257,5.204223264658965,BMG677491539,,
322 HK Equity,TINGYI (CAYMAN ISLN) HLDG CO,Consumer Staples,66070168139.200005,5637.386,12.096981142799676,4.369137441911328,3.93988609110536,KYG8878S1030,,
3690 HK Equity,MEITUAN-CLASS B,Consumer Discretionary,451427938880.0,5596.331999999999,,2.064148470488449,,KYG596691041,,
3692 HK Equity,HANSOH PHARMACEUTICAL GROUP,Health Care,207636498396.80005,6064.15,26.473584398037293,4.693710161229374,1.416472004395779,KYG549581067,,
3750 HK Equity,CONTEMPORARY AMPEREX TECHN-H,Industrials,1669220131237.6577,218.3003,23.07414813961096,5.242750611183229,0.651161767756927,CNE100006WS8,,
386 HK Equity,CHINA PETROLEUM & CHEMICAL-H,Energy,693863771363.7611,23782.6,13.182112999827282,0.5543296990577439,5.58700804430517,CNE1000002Q2,,
388 HK Equity,HONG KONG EXCHANGES & CLEAR,Financials,491920715260.0,1267.837,24.729230855910547,8.110009825903456,3.595360775583798,HK0388045442,,
3968 HK Equity,CHINA MERCHANTS BANK-H,Financials,1215575535658.645,4590.901,7.554674790915787,0.961840877986394,2.266015242038701,CNE1000002M1,,
3988 HK Equity,BANK OF CHINA LTD-H,Financials,2326874473808.5586,83622.28,6.53722724858199,0.5970519300027561,4.595367353365849,CNE1000001Z5,,
3993 HK Equity,CMOC GROUP LTD-H,Materials,419902770709.96326,3933.468,10.46042373250865,3.200073575205847,0.7053341818493236,CNE100000114,,
5 HK Equity,HSBC HOLDINGS PLC,Financials,2779885174110.0,17149.2,14.617561378499447,2.050401130832232,3.619833539695669,GB0005405286,,
6 HK Equity,POWER ASSETS HOLDINGS LTD,Utilities,127546643466.9,2131.105,7.126057698579906,1.2367559411916182,4.711779337080698,HK0006000050,,
6160 HK Equity,BEONE MEDICINES LTD-H,Health Care,337357396800.4517,1427.23,61.25736598054089,7.681419042079946,,CH1391448177,,
6181 HK Equity,LAOPU GOLD CO L-H,Consumer Discretionary,65996396300.00001,143.5416,8.152060574013593,4.260815882346057,9.333426133795864,CNE100006JG0,,
66 HK Equity,MTR CORP,Industrials,204174200008.8,6224.822999999999,8.691690938583543,0.8964051001046536,3.993902264571772,HK0066009694,,
6618 HK Equity,JD HEALTH INTERNATIONAL INC,Consumer Staples,114793506775.77998,3190.481,15.692016055358126,1.6050327389447565,,KYG5074A1004,,
669 HK Equity,TECHTRONIC INDUSTRIES CO LTD,Industrials,234781892668.5,1827.096,22.834237650283647,4.0212898898571385,2.194552477231749,HK0669013440,,
6690 HK Equity,HAIER SMART HOME CO LTD-H,Consumer Discretionary,213000988086.7317,2853.587,9.238540823922351,1.379442099020498,5.019175324130128,CNE1000048K8,,
6862 HK Equity,HAIDILAO INTERNATIONAL HOLDI,Consumer Discretionary,53148090000.0,5574.0,10.809106710868049,4.64670105745367,7.98112194639385,KYG4290A1013,,
688 HK Equity,CHINA OVERSEAS LAND & INVEST,Real Estate,133418130291.64998,10944.88,10.26482305881509,0.2900764966490084,3.937653726588712,HK0688002218,,
700 HK Equity,TENCENT HOLDINGS LTD,Communication Services,3829031203053.001,9095.086,13.812174789617185,2.877186026275599,1.258907408725621,KYG875721634,,
728 HK Equity,CHINA TELECOM CORP LTD-H,Communication Services,624104150346.5546,13877.41,11.603183037063983,0.7309505906557233,6.629544503286498,CNE1000002V2,,
762 HK Equity,CHINA UNICOM HONG KONG LTD,Communication Services,174868280631.67502,30598.12,9.449109743203918,0.4000564485160986,2.688928486898294,HK0000049939,,
823 HK Equity,LINK REIT,Real Estate,95755260922.19998,2582.396,,0.6420468482280639,6.839535897346504,HK0823032773,,
836 HK Equity,CHINA RESOURCES POWER HOLDIN,Utilities,97535767821.6,5177.058,7.348186297812116,0.8009003434303268,5.79617838444477,HK0836012952,,
857 HK Equity,PETROCHINA CO LTD-H,Energy,2203216859702.9395,21098.9,8.41544661040383,0.9061413455460292,6.245368405392295,CNE1000003W8,,
868 HK Equity,XINYI GLASS HOLDINGS LTD,Industrials,36991138765.83,4427.425,12.715713673823782,1.0002039034334145,4.368641646160899,KYG9828G1082,,
883 HK Equity,CNOOC LTD-H,Energy,1162480531934.8958,44539.95,6.917984595069693,1.1168088343072249,6.324278478509098,HK0883013259,,
939 HK Equity,CHINA CONSTRUCTION BANK-H,Financials,2571409241505.56,240417.3,5.993338787665014,0.5976312730204825,4.902729037410282,CNE1000002H1,,
941 HK Equity,CHINA MOBILE LTD-H,Communication Services,1745481257202.89,20788.17,11.074891515003891,0.9628639579263532,6.856799502677363,HK0941009539,,
960 HK Equity,LONGFOR GROUP HOLDINGS LTD,Real Estate,39993863245.27999,7097.402999999999,,0.2067396659413524,,KYG5635P1090,,
9618 HK Equity,JD.COM INC-CLASS A,Consumer Discretionary,287915010516.4,2409.875,,,3.715322637467502,KYG8208B1014,,
9633 HK Equity,NONGFU SPRING CO LTD-H,Consumer Staples,434338532368.0,5034.666,21.64519889942845,9.977466713948756,2.952312200813945,CNE100004272,,
968 HK Equity,XINYI SOLAR HOLDINGS LTD,Information Technology,18659968974.6,9147.044,126.14116484885125,0.6317871054563468,0.5049019704992864,KYG9829N1025,,
981 HK Equity,SEMICONDUCTOR MANUFACTURI-H,Information Technology,754108623676.3401,6014.489,69.19296808348425,2.8139324686579794,,KYG8020E1199,,
9888 HK Equity,BAIDU INC-CLASS A-HKD,Communication Services,240963446048.7,2209.541,,,,KYG070341048,,
9901 HK Equity,NEW ORIENTAL EDUCATION & TEC,Consumer Discretionary,68973766749.8,1591.457,,,1.0843470479466149,KYG6470A1168,,
992 HK Equity,LENOVO GROUP LTD,Information Technology,465802055513.76,12414.77,73.77882498514803,8.224855048822912,1.124733451332873,HK0992009065,,
9961 HK Equity,TRIP.COM GROUP LTD,Consumer Discretionary,201379729995.6,629.7052,8.063309917421643,1.080040433692168,,KYG9066F1019,,
9988 HK Equity,ALIBABA GROUP HOLDING LTD,Consumer Discretionary,2165475293170.2,19884.99,,,0.9445540942217472,KYG017191142,,
9992 HK Equity,POP MART INTERNATIONAL GROUP,Consumer Discretionary,206026242704.1,1331.779,13.25789054476066,7.627824014533062,1.7695707433363972,KYG7170M1033,,
9999 HK Equity,NETEASE INC,Communication Services,588069805026.0,3201.251,,,2.495578273717126,KYG6427A1022,,
1 HK Equity,CK HUTCHISON HOLDINGS LTD,Industrials,,3830.0449999999996,6.880020403554114,0.44955828542468107,3.457290258955358,KYG217651051,HKD,69.73846
10 HK Equity,HANG LUNG GROUP LTD,Real Estate,,1361.618,11.673281763137997,0.16225110508042354,7.054963201846717,HK0010000088,HKD,45.0332
100 HK Equity,MINIMAX GROUP INC,Information Technology,,268.1328,#N/A N/A,7.689943206668501,#N/A N/A,KYG6181S1093,HKD,30.84052
101 HK Equity,HANG LUNG PROPERTIES LTD,Real Estate,,5203.083,20.1454744553322,0.2478262716420084,7.878787589795662,HK0101000591,HKD,38.14303
1021 HK Equity,GUANGDONG HUAYAN ROBOTICS -H,Industrials,,539.0387999999999,#N/A N/A,2.60016975065306,#N/A N/A,CNE100007JB9,HKD,85.92583
1024 HK Equity,KUAISHOU TECHNOLOGY,Communication Services,,3664.1409999999996,6.730926603746886,1.3764370301616373,2.24463239302477,KYG532631028,HKD,75.07146
1030 HK Equity,SEAZEN GROUP LTD,Real Estate,,7263.741999999999,33.65838062476642,0.18797270253753687,#N/A N/A,KYG7956A1094,HKD,36.66348
1038 HK Equity,CK INFRASTRUCTURE HOLDINGS L,Utilities,,2519.611,6.5500840069165385,1.1141020614295698,4.021406902814859,BMG2178K1009,HKD,24.10652
1044 HK Equity,HENGAN INTL GROUP CO LTD,Consumer Staples,,1155.321,7.912998233346858,0.8863881993309758,8.245076019751844,KYG4402L1510,HKD,45.52805
1052 HK Equity,YUEXIU TRANSPORT INFRASTRUCT,Industrials,,1673.162,8.678466753816398,0.39726196000468483,7.374631268436578,BMG9880L1028,HKD,47.78938
1055 HK Equity,CHINA SOUTHERN AIRLINES CO-H,Industrials,,4643.996999999999,#N/A N/A,1.5204895814536008,#N/A N/A,CNE1000002T6,HKD,37.25491
1060 HK Equity,DAMAI ENTERTAINMENT HOLDINGS,Communication Services,,29976.76,17.605390849294437,0.7425421592059314,#N/A N/A,BMG0171W1055,HKD,48.31273
1066 HK Equity,SHANDONG WEIGAO GP MEDICAL-H,Health Care,,4456.885,8.893172659411542,0.5003492158931836,5.3660793206359765,CNE100000171,HKD,54.90962
1070 HK Equity,TCL ELECTRONICS HOLDINGS LTD,Consumer Discretionary,,2520.935,14.168186178657786,2.1223790199567913,5.783972078361025,KYG8701T1388,HKD,41.55949
1071 HK Equity,HUADIAN POWER INTL CORP-H,Utilities,,1717.234,8.665422534436692,0.8089302523109674,6.590714595587971,CNE1000003D8,HKD,94.99998
1072 HK Equity,DONGFANG ELECTRIC CORP LTD-H,Industrials,,408.0,12.26003074918114,1.236330261578309,3.1660021061356485,CNE100000304,HKD,88.63428
1083 HK Equity,TOWNGAS SMART ENERGY CO LTD,Utilities,,3781.2859999999996,6.924473860412241,0.3959057965361532,3.478260921395343,KYG8972T1067,HKD,26.12077
1088 HK Equity,CHINA SHENHUA ENERGY CO-H,Energy,,3377.482,13.372508687239385,1.7928382565646301,5.164507322358592,CNE1000002R0,HKD,100
1093 HK Equity,CSPC PHARMACEUTICAL GROUP LT,Health Care,,11522.449999999999,11.720901930106988,2.2411391807185903,3.6954088814448136,HK1093012172,HKD,58.89676
1099 HK Equity,SINOPHARM GROUP CO-H,Health Care,,1341.811,5.643583264269821,0.46972116761632476,5.303628435147586,CNE100000FN7,HKD,91.0596
1109 HK Equity,CHINA RESOURCES LAND LTD,Real Estate,,7130.94,7.458619799262787,0.5639552343962949,4.726875177974808,KYG2108Y1052,HKD,40.43957
1112 HK Equity,HEALTH AND HAPPINESS H&H INT,Consumer Staples,,645.5613999999999,12.564908003816395,1.425789689387614,5.8160238520681675,KYG4387E1070,HKD,27.35055
1113 HK Equity,CK ASSET HOLDINGS LTD,Real Estate,,3499.778,12.221283109058353,0.4040029508756183,3.897791148367874,KYG2177B1014,HKD,51.09818
1114 HK Equity,BRILLIANCE CHINA AUTOMOTIVE,Consumer Discretionary,,5045.268999999999,7.012029619030119,0.3615621595034066,28.901734104046245,BMG1368B1028,HKD,57.99876
1117 HK Equity,CHINA MODERN DAIRY HOLDINGS,Consumer Staples,,7915.661999999999,#N/A N/A,1.2544843461134145,#N/A N/A,KYG215791008,HKD,34.05492
1128 HK Equity,WYNN MACAU LTD,Consumer Discretionary,,5300.947999999999,9.07639343850335,#N/A N/A,8.660194364566246,KYG981491007,HKD,28.39739
1133 HK Equity,HARBIN ELECTRIC CO LTD-H,Industrials,,675.5709999999999,8.027806637775052,1.4263292696700673,2.9487156986935346,CNE1000003C0,HKD,99.78004
1138 HK Equity,COSCO SHIPPING ENERGY TRAN-H,Energy,,1296.0,13.03646432990217,1.8702854507137379,1.7006438407323565,CNE1000002S8,HKD,94.04895
1157 HK Equity,ZOOMLION HEAVY INDUSTRY-H,Industrials,,1552.508,10.706591430009727,0.7518537139585293,3.9301533410658824,CNE100000X85,HKD,99.66184
1164 HK Equity,CGN MINING CO LTD,Energy,,7600.683,39.16561674505277,3.8496799419115755,0.6167401071424526,KYG2029E1052,HKD,34.07701
1171 HK Equity,YANKUANG ENERGY GROUP CO-H,Energy,,4075.5,9.056865049612378,1.3401756762015284,5.020466005544297,CNE1000004Q8,HKD,73.11198
1177 HK Equity,SINO BIOPHARMACEUTICAL,Health Care,,18682.95,35.13167208062729,2.6822799506208868,2.1937842288444425,KYG8167W1380,HKD,73.00803
1179 HK Equity,H WORLD GROUP LTD,Consumer Discretionary,,3075.238,#N/A Field Not Applicable,#N/A Field Not Applicable,4.032131275668494,KYG465871120,HKD,58.20909
1186 HK Equity,CHINA RAILWAY CONSTRUCTION-H,Industrials,,2076.296,3.841122164735983,0.1467658260596198,7.84334089632228,CNE100000981,HKD,95.01854
119 HK Equity,POLY PROPERTY GROUP CO LTD,Real Estate,,3821.183,#N/A N/A,0.1250021756208662,2.10526320133132,HK0119000674,HKD,51.88245
1191 HK Equity,CREALIGHTS TECHNOLOGY CO L-H,Information Technology,,91.55675,#N/A N/A,7.023008114464479,#N/A N/A,CNE100007QB4,HKD,12.69424
1193 HK Equity,CHINA RESOURCES GAS GROUP LT,Utilities,,2314.013,10.393896256244277,0.7999376564312437,5.867819568122736,BMG2113B1081,HKD,38.46134
1199 HK Equity,COSCO SHIPPING PORTS LTD,Industrials,,4016.711,8.13437048281793,0.4398528036277378,4.860287899692415,BMG2442N1048,HKD,28.69012
12 HK Equity,HENDERSON LAND DEVELOPMENT,Real Estate,,4841.387,18.85213929993831,0.38605581903352065,4.853620918579572,HK0012000102,HKD,27.10914
1208 HK Equity,MMG LTD,Materials,,12846.42,12.862681156599255,2.5247301939748232,#N/A N/A,HK1208013172,HKD,36.26257
1209 HK Equity,CHINA RESOURCES MIXC LIFESTY,Real Estate,,2282.5,17.51076235538273,4.641617657772026,3.3961815216722933,KYG2122G1064,HKD,26.23281
1211 HK Equity,BYD CO LTD-H,Consumer Discretionary,,3683.3999999999996,21.644677653712428,2.6436869700053456,0.5080525129119311,CNE100000296,HKD,99.87783
123 HK Equity,YUEXIU PROPERTY CO LTD,Real Estate,,4025.393,#N/A N/A,0.19807187152985192,0.28169012871892984,HK0000745908,HKD,33.9626
1236 HK Equity,SHENZHEN LDROBOT CO LTD-H,Information Technology,,333.3334,#N/A N/A,7.087824021104204,#N/A N/A,CNE100007LF6,HKD,18.91458
1258 HK Equity,CHINA NONFERROUS MINING CORP,Materials,,3902.0359999999996,13.843476764138597,2.8839584935528766,0.5448775469623109,HK0000112026,HKD,33.36812
1276 HK Equity,JIANGSU HENGRUI PHARMACEUT-H,Health Care,,258.19759999999997,33.96570310543885,4.040847378220973,0.4953739643612312,CNE100006XS6,HKD,89.69186
1277 HK Equity,KINETIC DEVELOPMENT GROUP LT,Energy,,8599.508,12.341963008930307,1.5790585527327519,6.349206207290528,KYG525931039,HKD,26.82412
1286 HK Equity,IMPRO PRECISION INDUSTRIES L,Industrials,,1947.2859999999998,17.742980132781362,2.1714411971699255,2.1304926288112025,KYG4723A1085,HKD,19.31949
1288 HK Equity,AGRICULTURAL BANK OF CHINA-H,Financials,,30738.82,6.650635679237892,0.6586793570887678,4.776364281063988,CNE100000Q43,HKD,100
1299 HK Equity,AIA GROUP LTD,Financials,,10346.64,12.775594550908767,2.4883905615531905,2.5795439555512965,HK0000069689,HKD,99.80269
13 HK Equity,HUTCHMED CHINA LTD,Health Care,,872.3351,123.26051703737294,1.8997089222956511,#N/A N/A,KYG4672N1198,HKD,50.12062
1302 HK Equity,LIFETECH SCIENTIFIC CORP,Health Care,,4631.7119999999995,86.03727700480579,1.5725636520166495,#N/A N/A,KYG548721177,HKD,74.97343
1308 HK Equity,SITC INTERNATIONAL HOLDINGS,Industrials,,2711.528,12.975469568112974,5.877800488345152,5.191029900332227,KYG8187G1055,HKD,48.41787
1310 HK Equity,HKBN LTD,Communication Services,,1478.922,38.59311853704496,3.813376539377801,6.300366514331691,KYG451581055,HKD,96.78316
1313 HK Equity,CHINA RESOURCES BUILDING MAT,Materials,,6982.938,#N/A N/A,#N/A N/A,4.153005330940413,KYG2113L1068,HKD,31.3576
1316 HK Equity,NEXTEER AUTOMOTIVE GROUP LTD,Consumer Discretionary,,2509.824,12.062421816465598,0.6939413988575505,3.072597421466411,KYG6501M1050,HKD,55.97302
1318 HK Equity,MAO GEPING COSMETICS CO LT-H,Consumer Staples,,490.16429999999997,14.335933359210403,3.866405534868485,1.584489490141211,CNE100006PM5,HKD,26.51578
1333 HK Equity,BRETON TECHNOLOGY CO LTD-H,Industrials,,359.0057,#N/A N/A,4.264665183375047,#N/A N/A,CNE100006WR0,HKD,52.88961
1336 HK Equity,NEW CHINA LIFE INSURANCE C-H,Financials,,1034.107,2.841197322133169,1.0177173065129765,6.85699255675494,CNE100001922,HKD,90.24897
1339 HK Equity,PEOPLE'S INSURANCE CO GROU-H,Financials,,8726.234,3.8360754795471954,0.6416234130580251,5.126020590739266,CNE100001MK7,HKD,93.70899
1347 HK Equity,HUA HONG GRACE SEMICONDUCTOR,Information Technology,,1928.495,249.30787626325863,3.5841042242320564,#N/A N/A,HK0000218211,HKD,65.32985
135 HK Equity,KUNLUN ENERGY CO LTD,Utilities,,8637.716,10.151061135136128,0.8028784055120018,5.264178480556041,BMG5320C1082,HKD,43.81517
1357 HK Equity,MEITU INC,Communication Services,,4519.429,16.11413456379358,2.660090131547446,3.3209418423261488,KYG5966D1051,HKD,69.2894
1359 HK Equity,CHINA CINDA ASSET MANAGEME-H,Financials,,13567.599999999999,29.933926126849222,0.1804077187702644,3.6406705386183233,CNE100001QS1,HKD,66.64979
136 HK Equity,CHINA RUYI HOLDINGS LTD,Communication Services,,16800.61,14.837704562144323,0.8807372980771093,#N/A N/A,BMG4404N1149,HKD,81.94029
1361 HK Equity,361 DEGREES INTERNATIONAL,Consumer Discretionary,,2167.682,5.575378030695876,0.6726201091310625,7.745664932824284,KYG884931042,HKD,37.69947
1364 HK Equity,GUMING HOLDINGS LTD,Consumer Discretionary,,2338.897,13.940981576233401,7.628432882768222,1.1425959780621573,KYG4212T1058,HKD,18.66743
1368 HK Equity,XTEP INTERNATIONAL HOLDINGS,Consumer Discretionary,,2815.0969999999998,6.349951241715106,0.7684664795095372,7.868383575406708,KYG982771092,HKD,52.76445
1378 HK Equity,CHINA HONGQIAO GROUP LTD,Materials,,9819.398,6.730095679924007,1.3932113621010418,7.4593127312755065,KYG211501005,HKD,37.53463
1384 HK Equity,DEEPEXI TECHNOLOGY CO LTD-H,Information Technology,,348.85999999999996,#N/A N/A,7.776428366202761,#N/A N/A,CNE1000076K9,HKD,35.16703
1385 HK Equity,SHANGHAI FUDAN MICROELECT-H,Information Technology,,284.33,21.337374035394358,2.7126883168598352,0.24834076674142055,CNE100000510,HKD,90.18057
1392 HK Equity,SHENZHEN HQVT TECHNOLOGY -H,Information Technology,,756.1438999999999,#N/A N/A,0.35308740914858355,#N/A N/A,CNE100007Q46,HKD,27.85496
1398 HK Equity,IND & COMM BK OF CHINA-H,Financials,,86794.04,6.259387099714967,0.5759794788199873,4.941057364145915,CNE1000003G1,HKD,83.09176
14 HK Equity,HYSAN DEVELOPMENT CO,Real Estate,,1027.008,51.96122248153102,0.2482223572837571,6.844106735838684,HK0014000126,HKD,57.13309
1405 HK Equity,DPC DASH LTD,Consumer Discretionary,,131.61929999999998,20.335896148421256,1.273572200524744,#N/A N/A,VGG2R04S1048,HKD,58.13046
1415 HK Equity,COWELL E HOLDINGS INC,Information Technology,,867.1278,11.630719051218788,3.192077360612162,1.5060240707381047,KYG248141163,HKD,28.57365
142 HK Equity,FIRST PACIFIC CO,Consumer Staples,,4262.12,4.537761569039404,0.5844689488953846,5.648535789306194,BMG348041077,HKD,53.92177
1428 HK Equity,BRIGHT SMART SECURITIES AND,Financials,,1697.2959999999998,18.005379160140006,5.555937840571564,#N/A N/A,KYG1644A1004,HKD,49.29322
144 HK Equity,CHINA MERCHANTS PORT HOLDING,Industrials,,4198.009,10.304424444946234,0.5938910817203936,4.489672068112675,HK0144000764,HKD,50.05616
1440 HK Equity,STAR SHINE HOLDINGS GROUP LT,Consumer Discretionary,,1259.77,#N/A N/A,87.70658478765544,#N/A N/A,KYG2751J1085,HKD,61.41558
1478 HK Equity,Q TECHNOLOGY GROUP CO LTD,Information Technology,,1194.8909999999998,3.7705568874364226,0.8679771039255509,10.138249067666894,KYG7306T1058,HKD,36.40833
148 HK Equity,KINGBOARD HOLDINGS LTD,Information Technology,,1121.782,13.652708664909566,0.7807872231972834,3.297491099244805,KYG525621408,HKD,64.40089
151 HK Equity,WANT WANT CHINA HOLDINGS LTD,Consumer Staples,,11733.72,7.393220579623301,1.4256435959840186,3.8430671708833684,KYG9431R1039,HKD,35.24604
1511 HK Equity,UISEE TECHNOLOGIES BEIJING-H,Industrials,,126.7255,#N/A N/A,7.260627663396528,#N/A N/A,CNE100007LH2,HKD,68.57765
1513 HK Equity,LIVZON PHARMACEUTICAL GROU-H,Health Care,,299.8071,9.244079914396789,1.1570517019511712,8.127166944391588,CNE100001QV5,HKD,#N/A N/A
1519 HK Equity,J&T GLOBAL EXPRESS LTD,Industrials,,8641.774,28.031257320227326,2.577583476377948,#N/A N/A,KYG4990A1040,HKD,77.04807
152 HK Equity,SHENZHEN INTL HOLDINGS,Industrials,,2451.066,8.470499383403176,0.3682007419820101,8.622305685935338,BMG8086V1467,HKD,52.06348
1530 HK Equity,3SBIO INC,Health Care,,2522.154,3.991367906354984,1.2361450948524555,1.5873015873015872,KYG8875G1029,HKD,69.88576
1548 HK Equity,GENSCRIPT BIOTECH CORP,Health Care,,2280.496,#N/A N/A,2.8207724054491905,#N/A N/A,KYG3825B1059,HKD,46.95374
1579 HK Equity,YIHAI INTERNATIONAL HOLDING,Consumer Staples,,1036.7,12.251687128586239,2.614002257943989,7.572107504256766,KYG984191075,HKD,57.94394
1585 HK Equity,YADEA GROUP HOLDINGS LTD,Consumer Discretionary,,3112.647,9.117593825044066,2.184995710109371,6.130711062923893,KYG9830F1063,HKD,35.90287
16 HK Equity,SUN HUNG KAI PROPERTIES,Real Estate,,2897.7799999999997,14.55842116800475,0.4923066786970237,3.6304550471965533,HK0016000132,HKD,34.17272
1609 HK Equity,STAR SPORTS MEDICINE CO LT-H,Health Care,,54.80264,#N/A N/A,3.678047950466325,#N/A N/A,CNE100007KK8,HKD,59.54436
1610 HK Equity,COFCO JOYCOME FOODS LTD,Consumer Staples,,4581.998,#N/A N/A,0.6286903269670366,#N/A N/A,KYG226921008,HKD,36.39967
165 HK Equity,CHINA EVERBRIGHT LTD,Financials,,1685.254,#N/A N/A,0.40810907265301555,1.4693878134902643,HK0165000859,HKD,50.19004
1651 HK Equity,PRECISION TSUGAMI CHINA CORP,Industrials,,368.614,14.06517468366713,4.265015984253057,3.051261187957689,KYG7215M1006,HKD,30.99926
1658 HK Equity,POSTAL SAVINGS BANK OF CHI-H,Financials,,19856.17,6.424766471298542,0.5291723353664314,4.926898965129146,CNE1000029W3,HKD,67.00627
1672 HK Equity,ASCLETIS PHARMA INC,Health Care,,1051.985,#N/A N/A,3.5065772096020993,#N/A N/A,KYG0520K1094,HKD,35.82267
1675 HK Equity,ASIAINFO TECHNOLOGIES LTD,Information Technology,,939.9889,#N/A N/A,0.5473141488648912,1.3251534086063594,VGG0542G1028,HKD,22.05169
168 HK Equity,TSINGTAO BREWERY CO LTD-H,Consumer Staples,,655.0692,9.898484236288834,1.4533503491196593,6.941270486952582,CNE1000004K1,HKD,93.94379
1681 HK Equity,CONSUN PHARMACEUTICAL GROUP,Health Care,,837.8366,8.142632740654859,2.0086968808272347,5.8602552320794175,KYG2524A1031,HKD,58.95507
1686 HK Equity,SUNEVISION HOLDINGS,Information Technology,,2363.185,19.6155988171524,2.014051719795825,2.5431426084658755,KYG857001054,HKD,#N/A N/A
1698 HK Equity,TENCENT MUSIC ENT - CLASS A,Communication Services,,1636.655,#N/A Field Not Applicable,#N/A Field Not Applicable,3.024154345705578,KYG875771134,HKD,81.58005
17 HK Equity,NEW WORLD DEVELOPMENT,Real Estate,,2516.633,#N/A N/A,0.08537522165885178,#N/A N/A,HK0000608585,HKD,54.36981
1729 HK Equity,TIME INTERCONNECT TECHNOLOGY,Industrials,,2234.727,28.75257302604782,4.311647046006636,0.4605263095806566,KYG8879R1048,HKD,37.13583
173 HK Equity,K WAH INTL HOLDINGS,Real Estate,,3152.729,#N/A N/A,0.16070605371300636,1.485148481655829,BMG5321P1169,HKD,34.39231
1735 HK Equity,CENTRAL NEW ENERGY HOLDING G,Industrials,,4224.0,1184.2481199845781,18.95372701951261,#N/A N/A,KYG2006G1313,HKD,34.14343
175 HK Equity,GEELY AUTOMOBILE HOLDINGS LT,Consumer Discretionary,,10785.59,8.573566784925772,1.4496151896558758,3.136762860727729,KYG3777B1032,HKD,54.39381
1766 HK Equity,CRRC CORP LTD-H,Industrials,,4371.066,8.984014488242174,0.7122699258965212,5.006393958718223,CNE100000BG0,HKD,100
1768 HK Equity,BUSY MING GROUP CO LTD-H,Consumer Staples,,215.9174,#N/A N/A,4.724835940508535,#N/A N/A,CNE100007DZ1,HKD,5.286374
177 HK Equity,JIANGSU EXPRESS CO LTD-H,Industrials,,1222.0,9.434210206749142,1.0612886494983857,2.8541463177378583,CNE1000003J5,HKD,85.35106
1772 HK Equity,GANFENG LITHIUM GROUP CO L-H,Materials,,483.10069999999996,9.391700259017918,1.2517748910618915,0.5108239959839598,CNE1000031W9,HKD,92.01514
1776 HK Equity,GF SECURITIES CO LTD-H,Financials,,1920.7959999999998,6.4618737808145035,0.848228874675541,4.956385496676716,CNE100001TQ9,HKD,72.24435
1779 HK Equity,LONGBIO PHARMA SUZHOU CO L-H,Health Care,,75.05922,#N/A N/A,5.900785224141427,#N/A N/A,CNE100007NF2,HKD,5.954441
1783 HK Equity,ENVISION GREENWISE HOLDINGS,Industrials,,3007.266,208.89549507388872,13.255176567713269,0.22271714424237374,KYG3962W1107,HKD,39.53835
1787 HK Equity,SHANDONG GOLD MINING CO LT-H,Materials,,995.4861999999999,18.098222725963208,2.729926793972537,1.4104437994064716,CNE1000036N7,HKD,90.37383
1788 HK Equity,GUOTAI JUNAN INTERNATIONAL,Financials,,9529.945,18.767016601364666,1.704419192990692,0.6908462712595912,HK0000065869,HKD,25.27818
1789 HK Equity,AK MEDICAL HOLDINGS LTD,Health Care,,1077.49,12.344929593359113,1.6960074254494992,2.425488195585935,KYG020141019,HKD,41.9127
179 HK Equity,JOHNSON ELECTRIC HOLDINGS,Consumer Discretionary,,934.4119999999999,10.966993531743851,0.7814426153709876,3.2481363914010366,BMG5150J1577,HKD,28.97445
1797 HK Equity,EAST BUY HOLDING LTD,Consumer Staples,,1053.879,42.610344915322244,4.174235127469556,#N/A N/A,KYG5313A1013,HKD,40.73682
1800 HK Equity,CHINA COMMUNICATIONS CONST-H,Industrials,,4418.476,3.978325631158592,0.1618253169778757,6.456264402722822,CNE1000002F5,HKD,86.14513
1801 HK Equity,INNOVENT BIOLOGICS INC,Health Care,,1744.845,114.88886286360074,6.93209310462412,#N/A N/A,KYG4818G1010,HKD,84.11354
1810 HK Equity,XIAOMI CORP-CLASS B,Information Technology,,21330.28,17.712432553691766,2.1527590075410603,#N/A N/A,KYG9830T1067,HKD,79.49313
1811 HK Equity,CGN NEW ENERGY HOLDINGS CO L,Utilities,,4289.924,5.882721472523787,0.6061467046947753,2.5152570109047963,BMG202981087,HKD,27.69569
1816 HK Equity,CGN POWER CO LTD-H,Utilities,,11163.63,12.95012170737077,1.036675728160229,3.333331156177681,CNE100001T80,HKD,89.99767
